政府是否回应,发博账号,内容,点赞量,评论量,转发量,发布时间,评论链接,涉及企业,是否转发,转发自,转发内容,@的账号,@的政府账号数量,政府回复的类型(0反@1转发),政府回复的账号,回复内容,点赞量,评论量,转发量,发布时间,评论链接,涉及企业,是否转发,转发自,转发内容,@的账号
0,广州净水公司,#更名公告# 经广州市工商行政管理局核准，“广州市污水治理有限责任公司”更名为“广州市净水有限公司”。公司更名后，业务主体和法律关系不变。原以“广州市污水治理有限责任公司”名义签订的各类合同、合作协议、各项债权债务由变更后的“广州市净水有限公司”继续履行。特此公告。@广州水务 ​,0,8,11,2014-01-01 09:06:48,https://weibo.cn/comment/ApXcIEpk0?uid=2839471374&rl=1#cmtfrm,广州市净水,,,,@广州水务,1
0,蓝天梦在行动,2013年12月，国电石横发电有限公司三期2×330MW机组、华电潍坊发电有限公司1号机组、胜利发电厂二期2×300MW机组、国电费县发电公司2号机组、华电国际邹县发电厂2、6号机组、华润电力（菏泽）有限公司#1机组等共8台机组脱硝改造项目通过现场环保验收，为促进我省氮氧化物减排起到了积极作用。@山东环境 ​,0,0,4,2014-01-02 14:03:21,https://weibo.cn/comment/Aq8zAtTQ9?uid=1404548777&rl=1#cmtfrm,华电潍坊发电,,,,@山东环境,1
0,蓝天梦在行动,2013年12月，国电石横发电有限公司三期2×330MW机组、华电潍坊发电有限公司1号机组、胜利发电厂二期2×300MW机组、国电费县发电公司2号机组、华电国际邹县发电厂2、6号机组、华润电力（菏泽）有限公司#1机组等共8台机组脱硝改造项目通过现场环保验收，为促进我省氮氧化物减排起到了积极作用。@山东环境 ​,0,0,4,2014-01-02 14:03:21,https://weibo.cn/comment/Aq8zAtTQ9?uid=1404548777&rl=1#cmtfrm,国电菏泽发电厂,,,,@山东环境,1
0,海盐环保,州湾大桥北岸，很臭，臭里带酸，能检测一下吗@何依云 @海盐12345 @海盐发布 ​,0,6,0,2014-01-02 14:03:43,https://weibo.cn/comment/ApRTTxd99?rl=1#cmtfrm,嘉兴市联合污水处理,1,天空好远,转发理由:经排查，网友反映的味道来自嘉兴市联合污水处理厂，是污水处理过程中产生的臭气。该厂属于嘉兴市环境监察支队监管，我局已将情况及时向支队进行了汇报。      ,@何依云@海盐12345@海盐发布,1
0,龙华资讯哥,#龙华关注#今天晚上20点左右大浪商业中心华荣路旁有一处水管爆裂！水注是超大的！@深圳水务集团 @深圳市水务局 信息由邻居@yushu林峰 提供 ​,0,3,1,2014-01-02 20:23:39,https://weibo.cn/comment/Aqb3Xdqaw?uid=2713663613&rl=1#cmtfrm,深圳市水务（集团）,,,,@深圳水务集团@深圳市水务局,1
0,舜网老卢,庚辰钢铁曾被曝烟尘超标4倍多 排烟扰民3年多 -济南庚辰钢铁有限公司(庚辰钢铁)被指排烟扰民3年多，本报报道此事后，又有市民称该企业曾被曝烟(粉)尘超标严重，未做整改。 @济南环保 http://t.cn/8kDzfoN  ​,0,0,1,2014-01-03 09:25:25,https://weibo.cn/comment/AqgbhkRJr?uid=1045625387&rl=1#cmtfrm,济南庚辰钢铁,,,,@济南环保,1
0,平安永宁,新年之礼#【市政按期完工银川市第六污水处理尾水排放工程】为了保证阅海万家、阅海湾中央商务区暨中阿经贸论坛接待中心、自治区人民医院等单位尾水通过第六污水厂处理后能正常排放，市政一线工人努力克服零下10℃以下的恶劣天气，不畏严寒，加紧施工，按期完工银川市第六污水处理尾水排放工程。 ​,0,12,1,2014-01-03 11:50:22,https://weibo.cn/comment/AqgSiqe4z?rl=1#cmtfrm,银川污水处理,1,银川市政管理,转发理由:[话筒]银川市第六污水处理尾水排放工程按期完工@问政银川 @平安银川 @永宁微博      ,@问政银川@平安银川@永宁微博,2
0,朝露环保公益服务中心,本中心工作人员@其实我叫大石 根据浙江省环境信息自动检测与信息管理系统显示“绍兴市金丰印染有限公司”长时间废水排放超标，其中COD纳管排放超国家标准近10倍！ 多次向@绍兴-环保 电话投诉，均无果，望引起重视。@浙江环保 @浙江在线环保新闻网 @公众环境研究中心马军 @冯永锋 @绍兴E网 ​,0,9,43,2014-01-05 13:29:20,https://weibo.cn/comment/AqADh2Gko?uid=2512391712&rl=1#cmtfrm,绍兴市金丰印染,,,,@其实我叫大石@绍兴-环保@浙江环保@浙江在线环保新闻网@公众环境研究中心马军@冯永锋@绍兴E网,2
0,朝露环保公益服务中心,本中心工作人员@其实我叫大石 根据浙江省环境信息自动检测与信息管理系统显示“绍兴市金丰印染有限公司”长时间废水排放超标，其中COD纳管排放超国家标准近10倍！ 多次向@绍兴-环保 电话投诉，均无果，望引起重视。@浙江环保 @浙江在线环保新闻网 @公众环境研究中心马军 @冯永锋 @绍兴E网 ​,0,9,43,2014-01-05 13:29:20,https://weibo.cn/comment/AqADh2Gko?uid=2512391712&rl=1#cmtfrm,绍兴市金丰印染,,,,@其实我叫大石@绍兴-环保@浙江环保@浙江在线环保新闻网@公众环境研究中心马军@冯永锋@绍兴E网,2
0,威海经信,#经信资讯#【市经信委2013年争取国家淘汰落后产能奖励资金140万元】威海文隆电池有限公司7万千伏安时铅酸蓄电池淘汰项目于8月底通过省专家组的现场验收，提前完成国家下达我市的淘汰任务，获得了国家淘汰落后产能奖励资金140万元。http://t.cn/8FP21xd @威海发布 @山东经信 ​,0,0,0,2014-01-07 13:21:59,https://weibo.cn/comment/AqTrhoppC?uid=3876406800&rl=1#cmtfrm,威海文隆电池,,,,@威海发布@山东经信,1
0,东-企图,请关注金光集团宁波亚洲浆纸业（APP）员工离职的艰难过程！去年12月26被迫离职，停发工资，但离职手续直到今天还没办完！！@东方论坛 @人民日报 @1818黄金眼 @宁波日报 @NBTV看看看 @宁波晚报 @宁波发布 @北仑发布 我在:104国道 ​,0,2,0,2014-01-07 17:13:01,https://weibo.cn/comment/AqUX3xnu5?uid=1374297685&rl=1#cmtfrm,宁波亚洲浆纸业,,,,@东方论坛@人民日报@宁波日报@宁波晚报@宁波发布@北仑发布,1
0,芜湖弋江警方,【下班私夹铜件 员工被拘5日】芜湖新兴铸管公司员工圣某手拎工作用劳保长手套下班，被保安发现其手套内共夹带有四个公司产品铜扣件。原来，该圣为谋取私利，将车间内生产的铜扣件放进手套内，欲趁保安不注意夹带出厂。据估价，四个铜扣件价值150元。现圣某被行政拘留五日。@平安芜湖 @安徽公安在线 ​,0,1,0,2014-01-08 15:22:00,https://weibo.cn/comment/Ar3Ew2SnG?uid=3806412719&rl=1#cmtfrm,芜湖新兴铸管,,,,@平安芜湖@安徽公安在线,2
0,最爱济南,【济南佳宝乳业等9家企业涉严重环境违法被通报】山东省环保厅8日通报，济南市佳宝乳业有限公司、淄博市山东金晶科技股份有限公司等9家企业(工业园区)存在着严重环境违法行为。省环保厅决定对这些环境违法企业实施挂牌督办。@山东环境 @济南环保 欢迎下载新浪新闻APP订阅山东新闻 http://t.cn/zRctLNJ ​,0,4,24,2014-01-09 08:31:04,https://weibo.cn/comment/Araoc0KFA?uid=3222992474&rl=1#cmtfrm,山东金晶科技股份,,,,@山东环境@济南环保,2
0,你的二手鸡,黑色GDP！据网友爆料：江苏扬州市江都区龙川钢管等污染企业24小时作业，严重噪音污染和环境污染，冒白色呛人浓烟！河水全黑了！难道给一点补偿就对得起炎黄子孙了吗？这是大家的责任！！ @江苏环保 @江苏身边事 @江都沿江开发 @扬州日报官方微博 @香港商报有限公司江苏代表处 @扬州发布 @中国环境报 ​,1,2,0,2014-01-10 18:09:40,https://weibo.cn/comment/ArnBxv37M?uid=1746825690&rl=1#cmtfrm,扬州龙川钢管,,,,@江苏环保@江苏身边事@江都沿江开发@扬州日报官方微博@香港商报有限公司江苏代表处@扬州发布@中国环境报,1
0,长沙市曙光环保公益发展中心,#曙光环保年度有约#之【年会现场】湖南水口山有色金属集团有限公司安环部洪国良部长，正在分享《水口山湘江流域重金属污染治理经验和建议》。公司前身水口山矿务局，始建于1896年，距今已有110余年历史。水口山铅锌矿局，首开全国西法采矿、选矿、冶炼之先河.@三小姐隐于世@刘帅168 @冯永锋@SEE创绿家 ​,0,0,6,2014-01-11 11:36:33,https://weibo.cn/comment/ArusthT3w?uid=3518842102&rl=1#cmtfrm,湖南水口山有色金属集团,,,,@三小姐隐于世@刘帅168@冯永锋,1
0,高明公安,#高明春运爱心接力站即将启动#2014年春运将至，为确保节日期间公路客流畅通平安，高明公安交警部门将联合广东溢达纺织有限公司于春运期间在高明主干道周田收费站搭建春运服务点，设立“佛山友爱，情暖返乡路”爱心接力站[手套]，免费为过往车辆人员提供最贴心的服务。@公安主持人 ​,1,1,3,2014-01-14 17:31:56,https://weibo.cn/comment/ArZ4dciXF?uid=1726539464&rl=1#cmtfrm,广东溢达纺织,,,,@公安主持人,1
0,深圳口岸交警,高明春运爱心接力站即将启动#2014年春运将至，为确保节日期间公路客流畅通平安，高明公安交警部门将联合广东溢达纺织有限公司于春运期间在高明主干道周田收费站搭建春运服务点，设立“佛山友爱，情暖返乡路”爱心接力站[手套]，免费为过往车辆人员提供最贴心的服务。@公安主持人 ​,0,1,0,2014-01-14 17:32:49,https://weibo.cn/comment/ArZ4dciXF?rl=1#cmtfrm,广东溢达纺织,1,高明公安,转发理由:#高明春运爱心接力站即将启动#2014年春运将至，为确保节日期间公路客流畅通平安，高明公安交警部门将联合广东溢达纺织有限公司于春运期间在高明主干道周田收费站搭建春运服务点，设立“佛山友爱，情暖返乡路”爱心接力站，免费为过往车辆人员提供最贴心的服务。      ,@公安主持人,1
0,冰冻三尺Kim,这两天发现青岛啤酒味道比以前甜了，于是我看了生产厂家，以前的深圳青岛朝日啤酒工厂不见了，这个貌似是珠海产的… 深圳青岛朝日发生什么事了吗？@深圳微博发布厅  ​,0,23,1,2014-01-19 21:57:17,https://weibo.cn/comment/AsLWp2iVP?uid=1610936455&rl=1#cmtfrm,深圳青岛啤酒朝日,,,,@深圳微博发布厅,1
0,冰冻三尺Kim,这两天发现青岛啤酒味道比以前甜了，于是我看了生产厂家，以前的深圳青岛朝日啤酒工厂不见了，这个貌似是珠海产的… 深圳青岛朝日发生什么事了吗？@深圳微博发布厅  ​,0,23,1,2014-01-19 21:57:17,https://weibo.cn/comment/AsLWp2iVP?uid=1610936455&rl=1#cmtfrm,青岛啤酒（珠海）,,,,@深圳微博发布厅,1
0,南海交警,#和谐春运，平安是福#【南海交通消息】15:00，西樵S113樵高路白云大道路口段 、西樵S113樵高路简村路段、西樵S113樵高路南海发电厂路段、西樵S269樵丹路百乐路口段交通畅顺。道路千万条，安全第一条。（K26）@南海发布 @南海公安 @佛山交警微路况 ​,0,14,14,2014-01-21 15:00:50,https://weibo.cn/comment/At24mbjrL?uid=1615113843&rl=1#cmtfrm,南海发电一厂,,,,@南海发布@南海公安@佛山交警微路况,3
0,何桐1993,最近唐山不锈钢公司正在毫无理由的进行裁员将很多在职员工调离到滦县司家营做后勤工作不仅工作性质变了距离远了两年后工资也会大幅减少大多员工都是靠这个工作养家糊口的你让我们古冶人民以后怎么生活@河北发布 @洪敏tangshan 我在:震兴道 ​,2,3,7,2014-01-21 23:18:40,https://weibo.cn/comment/At5kqrmKU?uid=2634517397&rl=1#cmtfrm,唐山不锈钢,,,,@河北发布@洪敏tangshan,1
0,上善若水-白坭,1月22日下午，白坭召开白坭总商会成立大会暨企业家座谈会，庆祝白坭总商会成立并表彰2013年18家纳税超500万元纳税大户，其中，佛山恒益发电有限公司纳税总额冲破亿元大关，刷新我镇企业纳税金额的最高水平。@三水发布 ​,0,1,1,2014-01-23 11:37:59,https://weibo.cn/comment/AtjB0ERzw?uid=2610828255&rl=1#cmtfrm,佛山恒益发电,,,,@三水发布,1
0,战斗企鹅,@山东环境 济南王舍人镇恒大城小区南山东球墨铸铁管公司！ ​,0,1,0,2014-02-03 11:58:35,https://weibo.cn/comment/AuZqQ0JAn?uid=1937306823&rl=1#cmtfrm,山东球墨铸铁管,,,,@山东环境,1
0,张家港发布,#港城新闻#【“省博士后创新实践基地” 花落冶金园】基地以江苏扬子江国际冶金工业园为总站，下设江苏联冠科技有限公司、华尔润玻璃产业股份有限公司、张家港海陆环形锻件有限公司、江苏星A包装机械集团有限公司、江苏艾迪尔医疗科技股份有限公司等5个分站。 @苏州发布 @张家港在线zjgonline  ​,2,1,2,2014-02-03 14:01:56,https://weibo.cn/comment/Av0eUbscK?uid=3206440331&rl=1#cmtfrm,华尔润玻璃产业股份,,,,@苏州发布@张家港在线zjgonline,1
0,延边新闻广播,【延吉“蓝天数”连续4年达330天以上】2013年，延吉市空气质量好于二级的天数达到336天，占全年天数比例的92%，“蓝天数”连续4年达到330天以上。近年来，延吉市着力开展“青山碧水蓝天”工程。目前，延吉市已建成污水处理、垃圾处理、医疗废弃物处理、集中供热、热电厂等环境基础设施。@延边发布 ​,1,2,3,2014-02-11 09:54:17,https://weibo.cn/comment/Awc2m82w7?uid=3174810610&rl=1#cmtfrm,延吉市污水处理,,,,@延边发布,1
0,延边新闻广播,【延吉“蓝天数”连续4年达330天以上】2013年，延吉市空气质量好于二级的天数达到336天，占全年天数比例的92%，“蓝天数”连续4年达到330天以上。近年来，延吉市着力开展“青山碧水蓝天”工程。目前，延吉市已建成污水处理、垃圾处理、医疗废弃物处理、集中供热、热电厂等环境基础设施。@延边发布 ​,1,2,3,2014-02-11 09:54:17,https://weibo.cn/comment/Awc2m82w7?uid=3174810610&rl=1#cmtfrm,延吉市集中供热,,,,@延边发布,1
0,美丽大唐,【职工连环画】《马年快乐》（作者：江苏徐塘发电有限责任公司 孙亮） @中国电力报 @北极星电力网 @微博江苏 ​,3,1,1,2014-02-12 10:59:58,https://weibo.cn/comment/AwlTvF80G?uid=3872312979&rl=1#cmtfrm,江苏徐塘发电,,,,@中国电力报@北极星电力网@微博江苏,1
0,哎呀-我说命运啊,位于山东淄博临淄的阳煤集团齐鲁第一化肥有限公司，设备老旧，常年污染，印象中厂区附近几乎天天都能闻到极其刺鼻难闻的化工气味，而且经常发生爆炸，当地政府并无严格治理。从昨晚到现在，一直熏的很难受，我都不敢出门。@山东环境 @央视新闻 @中国环保卫士 @中国之声 @经济之声 @中国环保公益组委会 ​,2,6,16,2014-02-13 08:03:52,https://weibo.cn/comment/Awuax1CJg?uid=1642515237&rl=1#cmtfrm,阳煤集团淄博齐鲁第一化肥,,,,@山东环境@央视新闻@中国环保卫士@中国之声@经济之声@中国环保公益组委会,1
0,哎呀-我说命运啊,位于山东淄博临淄的阳煤集团齐鲁第一化肥有限公司，设备老旧，常年污染，印象中厂区附近几乎天天都能闻到极其刺鼻难闻的化工气味，而且经常发生爆炸，当地政府并无严格治理。从昨晚到现在，一直熏的很难受，我都不敢出门。@山东环境 @央视新闻 @中国环保卫士 @中国之声 @经济之声 @中国环保公益组委会 ​,2,6,16,2014-02-13 08:03:52,https://weibo.cn/comment/Awuax1CJg?uid=1642515237&rl=1#cmtfrm,阳煤集团淄博齐鲁第一化肥,,,,@山东环境@央视新闻@中国环保卫士@中国之声@经济之声@中国环保公益组委会,1
0,晓月堂主,位于广州市市中心区增槎路的广州发电厂又开始冒烟了。@广州环保 我在:彩滨北路 ​,2,0,0,2014-02-13 17:42:38,https://weibo.cn/comment/AwxXs6sWh?uid=1943517407&rl=1#cmtfrm,广州发电厂,,,,@广州环保,1
0,王恒wangheng,西安限行该固定限行？】华商论坛网友“蓝色回忆”说：“个人认为西安目前极重污染天限行的政策不能解决污染问题，而且最主要的问题在于部分车主成为罚款和扣分的冤大头，容易造成警民矛盾。如果真的采用限行，那就应该固定限行，平时也可以执行限行，解决大家出门拥堵问题…”http://t.cn/8FOpisB ​,0,8,1,2014-02-14 22:28:39,https://weibo.cn/comment/AwJ6WdHxB?rl=1#cmtfrm,大唐渭河热电厂,1,华商网,转发理由:@西安发布 就是屁股决定脑袋，真正的污染源中汽车尾气污染不到10%，燃煤污染占比约60%，为什么不把大唐灞桥热电厂、西郊热电厂、余下热电厂、渭河热电厂迁走？@西安发布 只敢拿平民百姓开刀，敢动央企一根汗毛吗？西安市政府学学榆林和延安吧，动一动像中国石油这样的央企让百姓看看！  赞[0]    ,@西安发布@西安发布,2
0,王恒wangheng,西安限行该固定限行？】华商论坛网友“蓝色回忆”说：“个人认为西安目前极重污染天限行的政策不能解决污染问题，而且最主要的问题在于部分车主成为罚款和扣分的冤大头，容易造成警民矛盾。如果真的采用限行，那就应该固定限行，平时也可以执行限行，解决大家出门拥堵问题…”http://t.cn/8FOpisB ​,0,8,0,2014-02-14 22:36:17,https://weibo.cn/comment/AwJ6WdHxB?rl=1#cmtfrm,大唐渭河热电厂,1,华商网,转发理由:@西安发布 就是屁股决定脑袋，真正的污染源中汽车尾气污染不到10%，燃煤污染占比约60%，为什么不把大唐灞桥热电厂、西郊热电厂、余下热电厂、渭河热电厂迁走？@西安发布 只敢拿平民百姓开刀，敢动央企一根汗毛吗？西安市政府学学榆林和延安吧，动一动像中国石油这样的央企让百姓看看！@在西安 @  赞[0]    ,@西安发布@西安发布@在西安,2
0,南海交警,#和谐春运，平安是福#【南海交通消息】12:00，西樵S113樵高路白云大道路口段、西樵S113樵高路海舟路口段、西樵S113樵高路简村路段、西樵S113樵高路南海发电厂路段、西樵S113樵高路西樵中队路段交通情况正常。安全与生命一线索，幸福和安全两相连。（K70）@南海发布 @南海公安 @佛山交警微路况 ​,1,0,0,2014-02-17 11:59:53,https://weibo.cn/comment/Ax7qjvCcx?uid=1615113843&rl=1#cmtfrm,南海发电一厂,,,,@南海发布@南海公安@佛山交警微路况,3
0,海盐石化,中国石化海盐石油支公司官方微博开通啦！求关注[抱抱]@中国石化嘉兴石油 @中石化桐乡石油支公司加油卡 @海盐网 @海盐发布 @海盐新闻网 ​,3,5,25,2014-02-17 15:56:18,https://weibo.cn/comment/Ax8YhfjHE?uid=3754686012&rl=1#cmtfrm,嘉兴石化,,,,@中国石化嘉兴石油@中石化桐乡石油支公司加油卡@海盐网@海盐发布@海盐新闻网,1
0,承希予希,福华都要上环保啦，在强悍的银也是怕死的。福华通达拟建污水处理技改项目 文章来源：中国化工报 更新时间：2014-02-19 中化新网讯 四川省乐山市福华通达农药科技有限责任公司日前表示，拟投资21350万元建设33%草甘膦铵盐水剂升级换代配套污水处理系统技改项目。@微博五通桥 @四川环保 ​,0,0,0,2014-02-20 12:45:14,https://weibo.cn/comment/AxA0deuui?uid=2424166734&rl=1#cmtfrm,四川省乐山市福华通达农药科技,,,,@微博五通桥@四川环保,1
0,赵亮绿领,#天津污染源监督#环境保护部近日对天津静海县、东丽区、滨海新区等区县大气污染防治情况进行暗访和督查。部分工业企业存在较严重的无组织排放现象，个别企业污染严重，影响了区域环境质量。天津钢管制铁有限公司、天津友发钢管有限公司、东高庄村东南炼铝厂、静海热电厂上榜！ @天津绿领@天津环保发布 ​,1,2,8,2014-02-22 13:36:25,https://weibo.cn/comment/AxTbZ1D41?uid=1627110432&rl=1#cmtfrm,天津钢管制铁,,,,@天津绿领@天津环保发布,1
0,赵亮绿领,#天津污染源监督#环境保护部近日对天津静海县、东丽区、滨海新区等区县大气污染防治情况进行暗访和督查。部分工业企业存在较严重的无组织排放现象，个别企业污染严重，影响了区域环境质量。天津钢管制铁有限公司、天津友发钢管有限公司、东高庄村东南炼铝厂、静海热电厂上榜！ @天津绿领@天津环保发布 ​,1,2,8,2014-02-22 13:36:25,https://weibo.cn/comment/AxTbZ1D41?uid=1627110432&rl=1#cmtfrm,天津钢管制铁,,,,@天津绿领@天津环保发布,1
0,赵亮绿领,天津污染源监督#环境保护部近日对天津静海县、东丽区、滨海新区等区县大气污染防治情况进行暗访和督查。部分工业企业存在较严重的无组织排放现象，个别企业污染严重，影响了区域环境质量。天津钢管制铁有限公司、天津友发钢管有限公司、东高庄村东南炼铝厂、静海热电厂上榜！ @天津绿领@天津环保发布 ​,0,2,3,2014-02-22 13:38:56,https://weibo.cn/comment/AxTbZ1D41?rl=1#cmtfrm,天津钢管制铁,1,赵亮绿领,转发理由:天津钢管制铁有限公司存在冒黑烟现象、烧结机上料系统粉尘无组织排放、自动监控设施检验标志过期等问题，如此逃过在线监测？@公众环境研究中心马军 @刘帅168 @湘潭小武哥 @心理学秦萍 //@吴雪松律师13882377285: 转发微博      ,@天津绿领@天津环保发布@公众环境研究中心马军@刘帅168@湘潭小武哥@心理学秦萍@吴雪松律师13882377285,2
0,赵亮绿领,天津污染源监督#环境保护部近日对天津静海县、东丽区、滨海新区等区县大气污染防治情况进行暗访和督查。部分工业企业存在较严重的无组织排放现象，个别企业污染严重，影响了区域环境质量。天津钢管制铁有限公司、天津友发钢管有限公司、东高庄村东南炼铝厂、静海热电厂上榜！ @天津绿领@天津环保发布 ​,0,2,3,2014-02-22 13:38:56,https://weibo.cn/comment/AxTbZ1D41?rl=1#cmtfrm,天津钢管制铁,1,赵亮绿领,转发理由:天津钢管制铁有限公司存在冒黑烟现象、烧结机上料系统粉尘无组织排放、自动监控设施检验标志过期等问题，如此逃过在线监测？@公众环境研究中心马军 @刘帅168 @湘潭小武哥 @心理学秦萍 //@吴雪松律师13882377285: 转发微博      ,@天津绿领@天津环保发布@公众环境研究中心马军@刘帅168@湘潭小武哥@心理学秦萍@吴雪松律师13882377285,2
0,广东火电送变电工程公司,我司继收到南澳863项目的表扬信之后，湛江供电局又传来了对我司110kV吴阳（金海）变电站工程的表扬信，业主的表扬是我们前进的不竭动力，优良的工程是我司对业主信任的最好答卷，为建造更多的样板工程，我们将披荆斩棘继续前行。@湛江供电 @广东电网湛江雷州供电局团委 @中国电力报 @中国南方电网公司 ​,0,0,0,2014-02-24 09:07:19,https://weibo.cn/comment/AyahKiNTX?uid=3481022971&rl=1#cmtfrm,湛江电力,,,,@湛江供电@广东电网湛江雷州供电局团委@中国电力报@中国南方电网公司,1
0,贺兰环保,问政银川 贺兰哪一年评上全国卫生城市的？现在的庆家湖污染的一塌糊涂，恶臭扑鼻 ​,0,6,0,2014-02-24 11:21:03,https://weibo.cn/comment/Ay0pxbLZr?rl=1#cmtfrm,贺兰县污水处理厂,1,rhkscfddd,,@问政银川,1
0,贺兰环保,问政银川 贺兰哪一年评上全国卫生城市的？现在的庆家湖污染的一塌糊涂，恶臭扑鼻 ​,0,6,0,2014-02-24 11:21:03,https://weibo.cn/comment/Ay0pxbLZr?rl=1#cmtfrm,贺兰县污水处理厂,1,rhkscfddd,,@问政银川,1
0,唐山微情报,【唐山拆除3座35吨转炉压钢149万吨(图)】2月23日上午10时，在丰南区唐山贝氏体钢铁(集团)有限公司厂区内，随着市长陈学军一声令下，河北省化解钢铁过剩产能第二次“周日行动”唐山3家企业设备拆除正式开始。此次行动，我市拆除3家企业各一座35吨转炉，可压减炼钢产能149万吨。@唐山发布 @燕阵-石家庄 ​,0,0,0,2014-02-24 14:53:08,https://weibo.cn/comment/Aycy79tbw?uid=3661133552&rl=1#cmtfrm,唐山贝氏体钢铁（集团）,,,,@唐山发布@燕阵-石家庄,1
0,今晚煲什么汤,"@中国广州发布 @中国新闻周刊 @大洋网 我有问题。能否明确《广州市燃煤电厂""超洁净排放""改造工作方案》中，位于西村的广州发电厂是改造，还是搬迁？另外西村能源站是否一定要在居民密集区旁边新建？ ​",0,0,0,2014-02-24 19:44:12,https://weibo.cn/comment/Ayesg6MUU?uid=2370168332&rl=1#cmtfrm,广州发电厂,,,,@中国广州发布@中国新闻周刊@大洋网,1
0,中化集团,建人正在紧张收尾中化泉州年产1200万吨炼油渣油加氢装置，高度的压力让人压抑。为缓解压力，四建项目部和业主共同促成了篮球友谊对决。体育让人忘记压力，体育增进友情。场上友情对抗，场下同一目标，按期保质建设大炼油工程。@中化集团 ​,3,7,2,2014-02-26 08:40:33,https://weibo.cn/comment/AyoURj5bB?rl=1#cmtfrm,中化泉州石化,1,中石化四建,转发理由:感谢中石化四建泉州项目全体同仁对于中化泉州石化的鼎力支持[good]@石化实说 @中化泉州团委 @王宗尚 //@四建铁军: 转发微博      ,@中化集团@石化实说@中化泉州团委@王宗尚@四建铁军,1
0,美丽大唐,【“两会”保电实录（一）】“两会”即将召开，大唐江苏徐塘发电有限责任公司详细制定保电措施，树立“没有防不胜防，只有防而不实”的理念，以“全覆盖、零容忍”的要求加大事故隐患排查力度，强化作业现场管理和危险点防控，确保“两会”保电工作万无一失。@中国能源报 @中国电力报 @平安江苏 ​,0,1,0,2014-02-27 09:17:27,https://weibo.cn/comment/AyCDlyrma?uid=3872312979&rl=1#cmtfrm,江苏徐塘发电,,,,@中国能源报@中国电力报@平安江苏,1
0,不贫嘴会死星人,致电82137777查询水表户号，想支付宝缴纳水费。接线员连我具体地址都不听完就直接打断。告知电梯房没有水费账单，没有水表户号。费用由管理处抄算。且极其肯定地说全深圳的电梯房小区都没有单独的水表户号，都不能网上缴费。必须交给管理处。@深圳市水务局 @深圳水务集团 对管理处抄表存疑，如何解决? ​,0,14,1,2014-02-27 18:03:13,https://weibo.cn/comment/AyG4L7E5H?uid=1865659072&rl=1#cmtfrm,深圳市水务（集团）,,,,@深圳市水务局@深圳水务集团,1
0,不贫嘴会死星人,工号2042原话:“你不是我们的用户。所以你不能网上缴费。你的管理处才是我们的用户。多收费你打消协投诉”。@深圳市水务局 @深圳水务集团 我不是你们的用户，我水龙头流出来的自来水是哪来的？我用水问题要找消协？而且我问的是个建成不到5年的楼盘，又不是老小区。 ​,0,0,0,2014-02-27 18:38:32,https://weibo.cn/comment/AyGj5Ebsp?uid=1865659072&rl=1#cmtfrm,深圳市水务（集团）,,,,@深圳市水务局@深圳水务集团,1
0,生态大塘,【大塘镇开展节后企业用工情况调研】近期，大塘镇组织调研组深入镇内佛山市三水佳利达纺织染有限公司、广东三水大鸿制釉有限公司等10多家化工、纺织规模以上企业进行企业用工情况调研，了解春节过后全镇劳动力供需状况，帮助企业解决用工问题。详见：http://t.cn/8F1yDS2 @三水发布 ​,0,1,0,2014-02-27 18:45:37,https://weibo.cn/comment/AyGlY9iSG?uid=2721971744&rl=1#cmtfrm,佛山市三水佳利达纺织染,,,,@三水发布,1
0,智能弱电资深人士,@日照钢铁控股集团股份有限公司 @日照环境 这是昨天和今天的对比，不知道明天会怎样？ ​,0,1,1,2014-02-28 07:48:39,https://weibo.cn/comment/AyLtNBXus?uid=2164931703&rl=1#cmtfrm,日照钢铁控股集团,,,,@日照钢铁控股集团股份有限公司@日照环境,1
1,周浦发布,#招聘信息# 周浦镇春季招聘会暨春风行动招聘专场 时间：2014年3月8日9点—11点 地点：周浦镇关岳路301号（上海傅雷中学）参加单位有上海万达、扬子江药业集团上海海尼药业有限公司等近50家。岗位有部门经理、行政人事、文员、操作工等1000个岗位。via:@周浦劳动保障http://t.cn/8F1TT45 @浦东发布 ​,1,4,5,2014-02-28 09:58:04,https://weibo.cn/comment/AyMkkx8gq?uid=2746657054&rl=1#cmtfrm,扬子江药业集团,,,,@周浦劳动保障@浦东发布,1,0,浦东发布,【周浦春季招聘会，1000个岗位等你来[围观]】找工作的亲，又一阵招聘风吹来→@周浦发布 说，招聘单位有万达、扬子江药业集团上海海尼药业、清风人家投资管理等34家，岗位有部门经理、行政人事、市场推广、财会人员、储备干部等1000个[赞]时间：3月8日9点—11点 地点：周浦关岳路301号。戳图看岗位↓↓ ​,3,10,24,2014-02-28 14:30:05,https://weibo.cn/comment/AyO6Kd34F?uid=2557375422&rl=1#cmtfrm,扬子江药业集团,,,,@周浦发布
0,陕西魏延安,#绿色联盟行动#2014陕西青少年保护母亲河春季植树系列活动信息发布二：拟于3月9日上午10：00－12：00，地点：铜川市新耀污水处理厂 ，面向社会招募30个家庭 内容：植树、参观，无费用需自带工具，报名电话：0919-3283282 18292790291 ，联系人：赵轩卫@陕西环保 @三秦青年-陕西共青团 @陕西青年志愿者 ​,1,4,27,2014-02-28 16:25:29,https://weibo.cn/comment/AyORAhii5?uid=2315923302&rl=1#cmtfrm,铜川市污水处理厂,,,,@陕西环保@三秦青年-陕西共青团@陕西青年志愿者,1
0,陕西魏延安,#绿色联盟行动#2014陕西青少年保护母亲河春季植树系列活动信息发布二：拟于3月9日上午10：00－12：00，地点：铜川市新耀污水处理厂 ，面向社会招募30个家庭 内容：植树、参观，无费用需自带工具，报名电话：0919-3283282 18292790291 ，联系人：赵轩卫@陕西环保 @三秦青年-陕西共青团 @陕西青年志愿者 ​,1,4,27,2014-02-28 16:25:29,https://weibo.cn/comment/AyORAhii5?uid=2315923302&rl=1#cmtfrm,铜川市新耀污水处理厂,,,,@陕西环保@三秦青年-陕西共青团@陕西青年志愿者,1
0,陕西魏延安,#绿色联盟行动#2014陕西青少年保护母亲河春季植树系列活动信息发布二：拟于3月9日上午10：00－12：00，地点：铜川市新耀污水处理厂 ，面向社会招募30个家庭 内容：植树、参观，无费用需自带工具，报名电话：0919-3283282 18292790291 ，联系人：赵轩卫@陕西环保 @三秦青年-陕西共青团 @陕西青年志愿者 ​,1,4,27,2014-02-28 16:25:29,https://weibo.cn/comment/AyORAhii5?uid=2315923302&rl=1#cmtfrm,铜川市新耀污水处理厂,,,,@陕西环保@三秦青年-陕西共青团@陕西青年志愿者,1
0,广东火电送变电工程公司,2月28日，湛江供电局揭局长、基建部郑主任、广东创诚监理公司莫总监以及省湖光农场场长等一行，在公司副总经理叶国文及项目经理的陪同下参加了由我司承建的500kV港城至东海岛架空线路（北段）开工仪式。@湛江供电 @广东电网湛江雷州供电局团委 @中国电力报 ​,1,0,0,2014-03-03 08:40:28,https://weibo.cn/comment/Aze6kbRMh?uid=3481022971&rl=1#cmtfrm,湛江电力,,,,@湛江供电@广东电网湛江雷州供电局团委@中国电力报,1
0,雪狼杰帝,向 @绿映春天 提问: #京川微访谈#钟厅长，你好！据了解四川城镇并不缺乏能解决现今污水处理难题的低能耗低成本达标排放的污水处理新技术，例如广元市宝轮镇的污水处理厂就以低耗达标闻名，但它只是澳门援建项目，这种新好技术政府为什么不采用和推广呢？ http://t.cn/8Fd0fLj ​,0,0,0,2014-03-03 11:58:00,https://weibo.cn/comment/AzfovxXNY?uid=2976531004&rl=1#cmtfrm,宝轮镇污水处理厂,,,,@绿映春天,1
0,海盐石化,[给力]海盐县第一座CNG加气站正在进行联合调试啦！@浙江石油新闻中心 @海盐发布 @中国石化嘉兴石油 @海盐网 @中国石化嘉兴海宁支公司 @吴群贤@一池清水- @MISS蕾在其中 @JK吴骏逸 ​,5,5,12,2014-03-03 17:33:47,https://weibo.cn/comment/AzhANp0DH?uid=3754686012&rl=1#cmtfrm,嘉兴石化,,,,@浙江石油新闻中心@海盐发布@中国石化嘉兴石油@海盐网@中国石化嘉兴海宁支公司@吴群贤@一池清水-,1
0,克拉玛依发布,【质量过硬 连获十次“自治区重点龙头企业”】新年伊始，市绿成农业开发有限责任公司先后通过“2014年自治区农业产业化重点龙头企业”和“新疆著名商标”复审。2005年，绿成公司首次荣获“自治区农业产业化重点龙头企业”荣誉称号。今年是该公司连续第10年保持这一荣誉。 @新疆发布 @伊犁发布 ​,0,0,0,2014-03-04 10:12:15,https://weibo.cn/comment/Azo84AnI3?uid=2629250601&rl=1#cmtfrm,绿成农业开发,,,,@新疆发布@伊犁发布,1
0,其實我叫大石,@朝露环保公益服务中心 再次向@绍兴-环保  投诉“绍兴市金丰印染有限公司”污水超标排放。 http://t.cn/8Fe7HyI  ​,0,1,13,2014-03-04 12:50:04,https://weibo.cn/comment/Azpa8CvmX?uid=1608038673&rl=1#cmtfrm,绍兴市金丰印染,,,,@朝露环保公益服务中心@绍兴-环保,1
0,其實我叫大石,@朝露环保公益服务中心 再次向@绍兴-环保  投诉“绍兴市金丰印染有限公司”污水超标排放。 http://t.cn/8Fe7HyI  ​,0,1,13,2014-03-04 12:50:04,https://weibo.cn/comment/Azpa8CvmX?uid=1608038673&rl=1#cmtfrm,绍兴市金丰印染,,,,@朝露环保公益服务中心@绍兴-环保,1
0,朝露环保公益服务中心,朝露环保公益服务中心 再次向@绍兴-环保  投诉“绍兴市金丰印染有限公司”污水超标排放。 http://t.cn/8Fe7HyI  ​,0,1,2,2014-03-04 12:53:37,https://weibo.cn/comment/Azpa8CvmX?rl=1#cmtfrm,绍兴市金丰印染,1,其實我叫大石,,@朝露环保公益服务中心@绍兴-环保@绍兴-环保@公众环境研究中心马军@清源行动@麦田老猫@冯永锋,2
0,朝露环保公益服务中心,朝露环保公益服务中心 再次向@绍兴-环保  投诉“绍兴市金丰印染有限公司”污水超标排放。 http://t.cn/8Fe7HyI  ​,0,1,2,2014-03-04 12:53:37,https://weibo.cn/comment/Azpa8CvmX?rl=1#cmtfrm,绍兴市金丰印染,1,其實我叫大石,,@朝露环保公益服务中心@绍兴-环保@绍兴-环保@公众环境研究中心马军@清源行动@麦田老猫@冯永锋,2
0,抗霾行动组,#空气污染随手拍#  2014年3月4号中午，网友@假装在洗脑 实拍湖南华菱湘潭钢铁有限公司炼钢厂烟囱排放浓烟……问政@湖南政务微博厅  这烟囱什么时候能改造好？@湘潭环境保护局@湘潭环保协会@绿水青山总关情@刘帅168  ​,0,2,21,2014-03-04 17:49:33,https://weibo.cn/comment/Azr7H9tFZ?uid=5026494879&rl=1#cmtfrm,华菱湘潭钢铁,,,,@假装在洗脑@湖南政务微博厅@湘潭环境保护局@湘潭环保协会@绿水青山总关情@刘帅168,2
0,朝露环保公益服务中心,本中心向@绍兴-环保 举报绍兴市金丰印染有限公司纳管污水排放超标，下午@其實我叫大石 @outman过河 一同与环保局工作人员@绍兴市环保局监察支队洪荣成 一同在该企业取样。 我在:越兴路 ​,0,2,8,2014-03-05 14:39:32,https://weibo.cn/comment/Azzj42Jlk?uid=2512391712&rl=1#cmtfrm,绍兴市金丰印染,,,,@绍兴-环保@其實我叫大石@绍兴市环保局监察支队洪荣成,1
0,朝露环保公益服务中心,本中心向@绍兴-环保 举报绍兴市金丰印染有限公司纳管污水排放超标，下午@其實我叫大石 @outman过河 一同与环保局工作人员@绍兴市环保局监察支队洪荣成 一同在该企业取样。 我在:越兴路 ​,0,2,8,2014-03-05 14:39:32,https://weibo.cn/comment/Azzj42Jlk?uid=2512391712&rl=1#cmtfrm,绍兴市金丰印染,,,,@绍兴-环保@其實我叫大石@绍兴市环保局监察支队洪荣成,1
0,中石化桐乡石油支公司,#中石化爱心加油站#嘉兴桐乡石化青年志愿者发起“心”行动----爱心加油站活动，在桐乡梧桐城西两座加油站现场向客户免费赠送限量海龙燃油宝以及“爱心临时停靠牌”“爱心宝典”等小礼品，今天，我们都是雷锋侠 @浙江石油新闻中心 @中国石化嘉兴石油 @中国石化嘉兴海宁支公司 @海盐石化@石化实说 ​,2,2,4,2014-03-05 15:10:07,https://weibo.cn/comment/AzzvttYYd?uid=3222942010&rl=1#cmtfrm,嘉兴石化,,,,@浙江石油新闻中心@中国石化嘉兴石油@中国石化嘉兴海宁支公司@海盐石化@石化实说,1
1,威海经信,#经信资讯#【威海11家企业被评为山东省循环经济示范单位】威海热电集团有限公司、三角轮胎股份有限公司等11家企业被评为山东省循环经济示范单位，为全省入选企业数量最多的地市。http://t.cn/8FkATpy @威海发布 ​,0,0,0,2014-03-06 09:47:59,https://weibo.cn/comment/AzGPdudcZ?uid=3876406800&rl=1#cmtfrm,威海热电集团,,,,@威海发布,1,0,威海发布,【威海11家企业获评省循环经济示范单位[给力]】山东省循环经济示范单位日前公布，我市热电集团、三角轮胎等11家企业上榜，成为入选企业数量最多的地级市。近年来，威海建立了适应循环经济发展的产业体系、资源再生利用体系和可持续消费体系，各类资源和能源利用效率显著提高。详情戳大图。@威海经信 ​,0,0,4,2014-03-07 11:36:41,https://weibo.cn/comment/AzQXQ2hy9?uid=3798503424&rl=1#cmtfrm,威海热电集团,,,,@威海经信
0,海盐石化,第一车CNG天然气加进去啦[威武]，祝贺海盐县第一座CNG加气站调试成功！[鼓掌]伙伴们，敬请期待！@中国石化嘉兴石油 @中国石化嘉兴海宁支公司 @中石化桐乡石油支公司加油卡 @浙江石油新闻中心 @海盐网 @海盐发布 @海盐新闻@吴群贤 @向阳可可 ​,0,1,0,2014-03-07 16:45:30,https://weibo.cn/comment/AzSZbsuwO?uid=3754686012&rl=1#cmtfrm,嘉兴石化,,,,@中国石化嘉兴石油@中国石化嘉兴海宁支公司@中石化桐乡石油支公司加油卡@浙江石油新闻中心@海盐网@海盐发布@海盐新闻@吴群贤@向阳可可,1
0,北仑微博,宁波最大生活垃圾焚烧发电项目并网发电】经过近一个月的试运行，宁波最大的生活垃圾焚烧发电项目——光大环保能源发电厂于近日正式投产。项目全部投产后，将形成整个北仑区和宁波中心城区四分之一的生活垃圾处理能力。@宁波发布 http://t.cn/8sP7abu  ​,1,3,0,2014-03-09 22:59:45,https://weibo.cn/comment/AAe6wvzcO?rl=1#cmtfrm,宁波市北仑环保固废处置,1,北仑微博,,@宁波发布,1
0,北仑微博,宁波最大生活垃圾焚烧发电项目并网发电】经过近一个月的试运行，宁波最大的生活垃圾焚烧发电项目——光大环保能源发电厂于近日正式投产。项目全部投产后，将形成整个北仑区和宁波中心城区四分之一的生活垃圾处理能力。@宁波发布 http://t.cn/8sP7abu  ​,1,3,0,2014-03-09 22:59:45,https://weibo.cn/comment/AAe6wvzcO?rl=1#cmtfrm,宁波市北仑环保固废处置,1,北仑微博,,@宁波发布,1
0,最爱南昌,#微曝台#【一封血铅超标报告单】近日，微博实名网友@江西抚州农民左胜阳 帖出一封体检报告单，称：“江西永方电源公司污水处理池离自己家太近，造成很大污染。自己孙儿体检血铅超标很多，11岁孩子长得像8岁。当地多名孩子被查血铅超标，村民投诉举报血铅4年，企业仍在生产。”[吃惊][吃惊]@江西环保 ​,0,72,163,2014-03-10 15:53:36,https://weibo.cn/comment/AAkVBDCWS?uid=2773926544&rl=1#cmtfrm,江西永方电源,,,,@江西抚州农民左胜阳@江西环保,1
0,最爱南昌,#微曝台#【一封血铅超标报告单】近日，微博实名网友@江西抚州农民左胜阳 帖出一封体检报告单，称：“江西永方电源公司污水处理池离自己家太近，造成很大污染。自己孙儿体检血铅超标很多，11岁孩子长得像8岁。当地多名孩子被查血铅超标，村民投诉举报血铅4年，企业仍在生产。”[吃惊][吃惊]@江西环保 ​,0,72,163,2014-03-10 15:53:36,https://weibo.cn/comment/AAkVBDCWS?uid=2773926544&rl=1#cmtfrm,江西永方电源,,,,@江西抚州农民左胜阳@江西环保,1
0,邀您看三山,#三山视点# #群众路线教育实践活动# @芜湖发布 【致力精细服务 展现妇女风采】为庆祝“三八”妇女节，3月7日下午，三山经济开发区管委会组织全体女同胞们前往恒安纸业一线进行劳动体验。http://t.cn/8szZwQz ​,0,0,0,2014-03-12 15:28:27,https://weibo.cn/comment/AADCpmQ7Z?uid=3257891674&rl=1#cmtfrm,恒安（芜湖）纸业,,,,@芜湖发布,1
0,中国-永联村,热血永联，给力永联#三月春风催花开，我们大家一起来；永联处处见真情，踊跃捐血人人赞。为缓解我市A型、AB型临床用血紧张的局面，今天，我市流动爱心血库成员单位的永钢集团组织289位志愿者参加应急献血，累计捐献全血82300ml。谢谢你们，可爱的永钢人[good]@中国-永联村 @中国献血网 @文明张家港 ​,0,5,5,2014-03-13 17:19:49,https://weibo.cn/comment/AANFrczSo?rl=1#cmtfrm,江苏永钢集团,1,张家港血站,转发理由:江苏永钢集团作为张家港市首家“爱心流动血库”。2006年至今已组织员工无偿献血近48万毫升。PS：小编今天也参加了献血@永合社区居委会 @永联小镇旅游景区      ,@中国-永联村@中国献血网@文明张家港@永合社区居委会@永联小镇旅游景区,1
0,白水东鸿,陕西省委第四巡视组向白水县反馈巡视情况】3月6日，巡视组向白水县反馈巡视情况。组长曹克勤指出，巡视中发现主要问题：干部群众对征地拆迁、涉法涉诉、基层财务不公开、采煤沉陷区安置、个别基层领导以权谋私等问题反映较多；基层信访问题较多等。 http://t.cn/8swYM2i http://t.cn/8swYM2i ​,0,4,4,2014-03-14 16:14:53,https://weibo.cn/comment/AAWKwEJ8l?rl=1#cmtfrm,渭南市排水,1,白水东鸿,,@陕西发布@渭南发布,1
0,白水东鸿,陕西省委第四巡视组向白水县反馈巡视情况】3月6日，巡视组向白水县反馈巡视情况。组长曹克勤指出，巡视中发现主要问题：干部群众对征地拆迁、涉法涉诉、基层财务不公开、采煤沉陷区安置、个别基层领导以权谋私等问题反映较多；基层信访问题较多等。 http://t.cn/8swYM2i http://t.cn/8swYM2i ​,0,4,4,2014-03-14 16:14:53,https://weibo.cn/comment/AAWKwEJ8l?rl=1#cmtfrm,渭南市排水,1,白水东鸿,,@陕西发布@渭南发布,1
0,湘潭环保迪迪,#湘江守望者#No166湘潭市竹埠港22号观察点河东污水处理厂排污口3月15号10点，无泡沫，无气味，浑浊稀-无漂浮物基本无水@绿色潇湘@湘潭矛戈@湘潭小雪无痕@刘帅168@义工胡劲松@湘潭阿度@湘潭云中雾@湘潭小武哥@湘潭解脱@岳塘新闻网@湘潭义工乞丐@湘潭环保协会@环境_湖南@志愿者李仕铭 @湖南省志愿服务 ​,0,3,5,2014-03-15 17:25:25,https://weibo.cn/comment/AB6Fmn17n?uid=2833476750&rl=1#cmtfrm,湘潭市河东污水处理厂,,,,@绿色潇湘@湘潭矛戈@湘潭小雪无痕@刘帅168@义工胡劲松@湘潭阿度@湘潭云中雾@湘潭小武哥@湘潭解脱@岳塘新闻网@湘潭义工乞丐@湘潭环保协会@环境_湖南@志愿者李仕铭@湖南省志愿服务,1
0,梦中乾坤大,网曝莱芜#山东九羊集团有限公司#的大白天烟筒！[衰][生病][怒骂][怒]@山东环境@莱芜环境 ​,0,2,10,2014-03-16 10:16:54,https://weibo.cn/comment/ABdhVe2k7?uid=2391377654&rl=1#cmtfrm,山东九羊集团,,,,@山东环境@莱芜环境,2
0,湘潭云中雾,#湘江守望者##涟水观察站#78 湘潭市河东污水处理厂低排涵口2014-03-16 9:00 水量大、有异味。发现有末完全碳化阴沉木，见图@湘潭小武哥 @湖南省绿色卫士 @绿色潇湘@贺子-cherry@湘潭矛戈@湘潭环保迪迪@义工胡劲松@湘潭环保乞丐@湘潭解脱@湘潭小雪无痕@志愿者李仕铭 @刘帅168 @绿水青山总关情 @上上若树 ​,0,3,7,2014-03-17 21:41:33,https://weibo.cn/comment/ABrcjB2fT?uid=2992593000&rl=1#cmtfrm,湘潭市河东污水处理厂,,,,@湘潭小武哥@湖南省绿色卫士@绿色潇湘@贺子-cherry@湘潭矛戈@湘潭环保迪迪@义工胡劲松@湘潭环保乞丐@湘潭解脱@湘潭小雪无痕@志愿者李仕铭@刘帅168@绿水青山总关情@上上若树,2
0,其實我叫大石,@绍兴-环保 的你点我查活动，我点的第二家企业“浙江绍兴新三江印染有限公司”，通过暗渠排水，造成周边河道污染，并在厂区内焚烧垃圾。 我在:001县道 ​,1,1,4,2014-03-18 11:43:17,https://weibo.cn/comment/ABwHZaDRc?uid=1608038673&rl=1#cmtfrm,绍兴第二印染,,,,@绍兴-环保,1
0,赣州矿管发布,【盘古山钨业有限公司一班组喜获“江西省五一巾帼标兵岗”称号】#工作动态#从盘古山钨业有限公司获悉，近日该公司选矿厂精选段手选班被省总工会授予“江西省五一巾帼标兵岗”荣誉称号。http://t.cn/8sUoOUo @赣州发布 @江西国土资源发布 ​,0,1,0,2014-03-18 19:37:07,https://weibo.cn/comment/ABzOjcKFP?uid=3881624679&rl=1#cmtfrm,江西盘古山钨业,,,,@赣州发布@江西国土资源发布,1
0,北华中清环境,【北京自来水集团首次公开成本:每吨水亏损1.49元】亏损意味着政府补贴，改变以高耗能为代价污水处理技术。引用先进低耗能的处理技术，是水务行业良知企业不断追求的方向。把补贴的钱用于技术升级推动行业技术革新，从实质上减少水价成本@人民日报 @央视新闻 @北京发布 @头条新闻 @经济参考报 ​,0,0,0,2014-03-20 10:09:51,https://weibo.cn/comment/ABOX32MV4?uid=3267881803&rl=1#cmtfrm,北京自来水集团檀州污水处理,,,,@人民日报@央视新闻@北京发布@头条新闻@经济参考报,1
0,朝露环保公益服务中心,中心向@绍兴-环保 举报绍兴市金丰印染有限公司纳管污水排放超标，下午@其實我叫大石 @outman过河 一同与环保局工作人员@绍兴市环保局监察支队洪荣成 一同在该企业取样。 我在:越兴路 ​,0,2,0,2014-03-20 14:54:26,https://weibo.cn/comment/Azzj42Jlk?rl=1#cmtfrm,绍兴市金丰印染,1,朝露环保公益服务中心,转发理由:今以收到@绍兴-环保 关于下发绍兴市金丰印染有限公司污水COD超标排放“处罚意见书”。望该企业及时整改，绍兴市环保局及时向公众公开最终处罚情况。      ,@绍兴-环保@其實我叫大石@绍兴市环保局监察支队洪荣成@绍兴-环保,2
0,湘潭矛戈,污水处理超出荷载，雨水天气负担加重 —河西污水厂污水溢流问题》3月21日下午，市环境监察支队收到我局官方微博上环保志愿者反映的“湘潭污水直排湘江”的问题，立即派出河西大队到现场调查 。据我局调查了解，该排污口为韶山东路排渍口。...畅读版【http://t.cn/8sGyHiG】 ​,0,3,2,2014-03-23 07:04:12,https://weibo.cn/comment/AC2h3DLJX?rl=1#cmtfrm,湘潭市污水处理,1,湘潭市环境保护局,转发理由:感谢湘潭市环境保护局的回复，湘潭市河西污水处理厂应该尽快把二期扩建工程与河西污水处理管道打通，处理这股黑水！//@湘潭市环境保护局: 站在我单位的角度，委实不好怎么回答。但请相信，我们迫切改善这一现象的心情，与你（们）是一样的。      ,@湘潭市环境保护局,1
0,广东火电送变电工程公司,3月20日，总公司副总经理林楚标、在送变电公司总经理郑少鹏、副总经理曾志伟的陪同下莅临500kV港岛架空线路项目部视察指导工作。500kV港岛架空线路是继 500kV港茂线在湛江电力市场近年来第一个500kV线路工程，我司要继续发扬公司黑马精神，给业主交上满意的答卷。@湛江供电 @广东电网湛江供电局团委 ​,0,0,0,2014-03-24 09:25:46,https://weibo.cn/comment/ACqn8yi5j?uid=3481022971&rl=1#cmtfrm,湛江电力,,,,@湛江供电@广东电网湛江供电局团委,1
0,环境保护杂志社,#省市发布#@重庆环保 ：【万州区扎实推进生态环保基础设施建设】1.全区已建成沱口等3座城市生活污水处理厂、11个镇乡污水处理设施、4座生活垃圾填埋场及医疗废物处置场。2.2013年建成4条简易工况法机动车排气检测线、2座空气质量自动监测站。3.实施的31个村的农村环境连片整治项目已通过验收。 ​,0,2,1,2014-03-24 15:05:34,https://weibo.cn/comment/ACsB461hP?uid=3317189954&rl=1#cmtfrm,沱口污水处理厂,,,,@重庆环保,1
0,环境保护杂志社,#省市发布#@重庆环保 ：【万州区扎实推进生态环保基础设施建设】1.全区已建成沱口等3座城市生活污水处理厂、11个镇乡污水处理设施、4座生活垃圾填埋场及医疗废物处置场。2.2013年建成4条简易工况法机动车排气检测线、2座空气质量自动监测站。3.实施的31个村的农村环境连片整治项目已通过验收。 ​,0,2,1,2014-03-24 15:05:34,https://weibo.cn/comment/ACsB461hP?uid=3317189954&rl=1#cmtfrm,沱口污水处理厂,,,,@重庆环保,1
0,中国医疗器械行业网,2014第十七届江西国际医疗器械展5月9至5[月]11在南昌国际展览中心举行；《江西卫生发展“十二五”规划》2013划10多亿于城乡卫生，基层医疗器械需求扩大，2014继续加强社区卫生，建立居民15分钟医疗服务圈@南昌卫生发布 @江西健康教育 @抚州市卫生局 @江西发布 @新浪江西健康频道 @国药励展 @捷通咨询  ​,3,0,1,2014-03-25 20:41:56,https://weibo.cn/comment/ACEe5A8KQ?uid=2757471367&rl=1#cmtfrm,江西国药,,,,@南昌卫生发布@江西健康教育@抚州市卫生局@江西发布@新浪江西健康频道@国药励展@捷通咨询,1
0,邀您看三山,#三山视点# #群众路线教育实践活动# @芜湖发布 【三山经济开发区深入开展“综治进企业”活动】3月24日，三山经济开发区一行来到恒安纸业，对企业综治工作的开展进行指导和帮助，积极为企业和员工提供法律、政策咨询，指导企业建立规范化管理体制。http://t.cn/8stFXL9 ​,0,0,0,2014-03-26 14:38:12,https://weibo.cn/comment/ACLgX4Yj5?uid=3257891674&rl=1#cmtfrm,恒安（芜湖）纸业,,,,@芜湖发布,1
0,银川奇石,京报：防止污染监测造假 当引入公众监督：据新华社报道，前不久，宁夏启元药业被查出污染治理设施运行异常、涉嫌数据造假的问题，即当设备停运、锅炉烟囱排放烟气明显变化时，在线监测数据却...文字版>> http://t.cn/8stw6Xt （新浪长微博>> http://t.cn/zOXAaic） ​,0,1,0,2014-03-30 10:34:31,https://weibo.cn/comment/ACCi0601d?rl=1#cmtfrm,宁夏启元药业,1,重庆摩尔水处理有限公司,转发理由:@新消息报热线6024110 宁夏启元药业的金莲清热颗粒断货有一个月了，不是因为此次查处吧？恶臭主要是硫氰酸红霉素生产过程造成的，不明白与金莲清热颗粒有多大干系？难道宁夏启元想挟民生以改变处罚？@问政银川      ,@新消息报热线6024110@问政银川,1
0,开心的静曦,深圳市龙岗区南湾街道下李朗社区这个地方下一会@深圳交警 @深圳广电集团第一现场 @深圳市水务局 @飞刀腐女 雨就会水淹，请帮忙疏通渠道。 我在这里:深圳·下李朗公园 ​,0,0,0,2014-03-30 19:18:43,https://weibo.cn/comment/ADoONrPXC?uid=1799635351&rl=1#cmtfrm,深圳市水务（集团）,,,,@深圳交警@深圳广电集团第一现场@深圳市水务局@飞刀腐女,2
0,到底哪个名字没注册,"@银川人社 您好，我是宁夏大学应届生，于1月10日始到泰瑞制药股份有限公司上班，2月20日离职后一直拖欠工资至3月28日才发，并扣除工服押金135元，且一月少发4天。与人资，财务，车间联系后未果。现我有1,2月考勤表，前四天是公司弄错信息导致打卡未成功。大学生第一份工作辛苦钱，实在心寒，请求帮助。 ​",0,1,2,2014-04-01 21:51:44,https://weibo.cn/comment/ADIFTENRJ?uid=1900445777&rl=1#cmtfrm,宁夏泰瑞制药股份,,,,@银川人社,1
0,关注馗,天是雾不是霾，雾就是雾，霾就是霾，未影响到扩散条件，目前日照市空气质量指数AQI为58，今日0-7时指数为74，空气质量良，大家且静且安心！ ​,0,9,0,2014-04-02 12:54:32,https://weibo.cn/comment/ADMPWcUmy?rl=1#cmtfrm,亚太森博（山东）浆纸,1,日照环境,,@央视新闻@中华环境保护基金会@山东环境,1
0,新生活环保促进会_乐水行广州,#河涌巡查# 20140401东濠涌（糙米街段），可能是雨天的原因，涌水比平时要满，也浑浊一些，东濠涌高架桥路面的排水，估计就是靠图一的管子向东濠涌排放。感谢巡查员@启程旅行 提供的图片和描述 @新生活_河去河从 @广州市新生活环保促进会 @广州水务 @广州净水公司 ​,0,0,1,2014-04-02 14:48:04,https://weibo.cn/comment/ADPkqyHlf?uid=1912915150&rl=1#cmtfrm,广州市净水,,,,@启程旅行@新生活_河去河从@广州市新生活环保促进会@广州水务@广州净水公司,1
0,西安航空基地,4月月2日中央电视台财经频道《经济信息联播》播出《中国南车落户西安航空基地》的报道，报道称：南车将在西安建设面向西北，辐射丝绸之路经济带的轨道交通装备基地。敬请关注http://t.cn/8sJdDUv @西安航空基地人才热线 @西安航空基地政务服务中心 @西安航空科技创新服务中心 @西安发布 @陕西发布 ​,4,3,8,2014-04-03 09:47:25,https://weibo.cn/comment/ADWMTkV0b?uid=1905964443&rl=1#cmtfrm,西安轨道交通装备,,,,@西安航空基地人才热线@西安航空基地政务服务中心@西安航空科技创新服务中心@西安发布@陕西发布,1
0,菜乡之剑,2014年2月10日我通过快递向潍坊市环保局申请公开《山东联盟化工股份有限公司》15个项目的环评报告...  (来自 @头条博客) -@潍坊环保 最终以‘未保存相关材料’为由拒绝提供，因此我们将依法申请行政复议，行政诉讼来维护我们的合法权益。@冯永锋@苏格拉熊@毛达1977@山东环境 潍坊环保局对《山东联盟化工股份有限公司》15个项目的政府信息公开申请的答复  ​,2,8,50,2014-04-05 11:43:19,https://weibo.cn/comment/AEgoVz9hP?uid=2308794260&rl=1#cmtfrm,山东联盟化工股份,,,,@头条博客@潍坊环保@冯永锋@苏格拉熊@毛达1977@山东环境,2
0,世间百态12,【新提醒】广安诚信化工污染严重，剧毒废料直接燃放，不经过任何处理-广安论坛-四川论坛-麻辣社区 http://t.cn/8sXUUuJ；@四川发布@大河报 ​,0,0,0,2014-04-05 19:45:33,https://weibo.cn/comment/AEjyFnO1Y?uid=1746853223&rl=1#cmtfrm,广安诚信化工,,,,@四川发布@大河报,1
0,世间百态12,【新提醒】广安诚信化工污染严重，剧毒废料直接燃放，不经过任何处理-广安论坛-四川论坛-麻辣社区 http://t.cn/8sXUUuJ；@四川发布@大河报 ​,0,0,0,2014-04-05 19:45:33,https://weibo.cn/comment/AEjyFnO1Y?uid=1746853223&rl=1#cmtfrm,广安诚信化工,,,,@四川发布@大河报,1
0,石化社区热线,4月9日下午1时，由石化街道文化体育服务中心、金山区戏曲协会联合主办的2014年上海市民文化节“梨园风采 国粹交流”演出在文体服务中心举行。来自浙江嘉兴、金山石化、朱泾的30多位京剧票友汇聚一堂，以曲会友。@金山广播电视台 @金山传播 @金山文化 ​,0,2,2,2014-04-09 13:41:49,https://weibo.cn/comment/AEST13e0c?uid=2801104432&rl=1#cmtfrm,嘉兴石化,,,,@金山广播电视台@金山传播@金山文化,1
0,金山广播电视台,月9日下午1时，由石化街道文化体育服务中心、金山区戏曲协会联合主办的2014年上海市民文化节“梨园风采 国粹交流”演出在文体服务中心举行。来自浙江嘉兴、金山石化、朱泾的30多位京剧票友汇聚一堂，以曲会友。@金山广播电视台 @金山传播 @金山文化 ​,0,2,0,2014-04-09 13:57:03,https://weibo.cn/comment/AEST13e0c?rl=1#cmtfrm,嘉兴石化,1,石化社区热线,转发理由:#金山动态#今天下午，由石化街道文化体育服务中心、金山区戏曲协会联合主办的2014年上海市民文化节“梨园风采 国粹交流”演出在文体服务中心举行。来自浙江嘉兴、金山石化、朱泾的30多位京剧票友汇聚一堂，以曲会友。      ,@金山广播电视台@金山传播@金山文化,1
0,上海消防,火情通报】11时14分，市应急联动中心接警，位于长兴岛的江南造船厂3号船坞一在建的八万吨级货轮发生火灾。由于燃烧的主要是保温材料，现场烟雾很大，扑救十分困难。消防部门已调集数十辆消防车赶赴现场，正在抓紧进行内攻灭火，目前暂未发现人员被困。火灾后续情况将及时进行通报@警民直通车-上海 ​,0,5,4,2014-04-09 20:28:46,https://weibo.cn/comment/AESFl1a9x?rl=1#cmtfrm,上海江南长兴重工,1,上海消防,,@警民直通车-上海,1
0,东北活雷锋展览馆,央视看到安徽建造了安徽好人展览馆，表示祝贺[鲜花]并深受启发，我们正策划以@鞍钢郭明义 为代表的东北都是活[雷锋]三组合一一信仰，踏着[雷锋]足迹前行！我感悟我践行我推广核心价值观先进事迹巡回报告展！在此基础上推动一东北都是活[雷锋]展览馆建造！望支持@中国政府网 @中国文明网 @中国新闻网 ​,0,90,5,2014-04-10 05:15:32,https://weibo.cn/comment/AEecbzQbe?rl=1#cmtfrm,东北轻合金,1,东北活雷锋展览馆,,@鞍钢郭明义@中国政府网@中国文明网@中国新闻网@中铝集团-哈尔滨_东北轻合金公司@中铝集团-哈尔滨_东北轻合金公司@三五教育论雷锋韩振清@忘掉以往@三五教育论雷锋韩振清@忘掉以往,1
0,大理人民广播电台,过三天，我州传承千年的法定节日三月街民族节即将开始，全州从4月14至17日放假三天。今年的三月街，除传统的开幕式、赛马大会、千人环洱海自行车赛、文艺会演、书画展、书市，大理石等传统内容外，具有3 个新增2个突出特点。@大理发布 @微博大理 ​,0,4,0,2014-04-10 11:11:51,https://weibo.cn/comment/AF19kmTPG?rl=1#cmtfrm,大理水务产业投资,1,大理人民广播电台,转发理由:1.大理水务产业投资有限公司第二自来水厂违法设置排污口案。由州人民政府责成大理市政府责令限期拆除排污口并按上限实施行政处罚。      ,@大理发布@微博大理,1
0,东北活雷锋展览馆,央视看到安徽建造了安徽好人展览馆，表示祝贺[鲜花]并深受启发，我们正策划以@鞍钢郭明义 为代表的东北都是活[雷锋]三组合一一信仰，踏着[雷锋]足迹前行！我感悟我践行我推广核心价值观先进事迹巡回报告展！在此基础上推动一东北都是活[雷锋]展览馆建造！望支持@中国政府网 @中国文明网 @中国新闻网 ​,0,90,0,2014-04-10 19:44:36,https://weibo.cn/comment/AEecbzQbe?rl=1#cmtfrm,东北轻合金,1,东北活雷锋展览馆,,@鞍钢郭明义@中国政府网@中国文明网@中国新闻网@中铝集团-哈尔滨_东北轻合金公司@中铝集团-哈尔滨_东北轻合金公司@三五教育论雷锋韩振清@忘掉以往@三五教育论雷锋韩振清@忘掉以往,1
0,东北活雷锋展览馆,央视看到安徽建造了安徽好人展览馆，表示祝贺[鲜花]并深受启发，我们正策划以@鞍钢郭明义 为代表的东北都是活[雷锋]三组合一一信仰，踏着[雷锋]足迹前行！我感悟我践行我推广核心价值观先进事迹巡回报告展！在此基础上推动一东北都是活[雷锋]展览馆建造！望支持@中国政府网 @中国文明网 @中国新闻网 ​,0,90,0,2014-04-10 21:51:17,https://weibo.cn/comment/AEecbzQbe?rl=1#cmtfrm,东北轻合金,1,东北活雷锋展览馆,,@鞍钢郭明义@中国政府网@中国文明网@中国新闻网@中铝集团-哈尔滨_东北轻合金公司@中铝集团-哈尔滨_东北轻合金公司@三五教育论雷锋韩振清@中铝集团-哈尔滨_东北轻合金公司@三五教育论雷锋韩振清@忘掉以往,1
0,新浪山东,郯城化工厂爆炸#【突发！山东临沂郯城一化工厂发生爆炸！】11日，山东临沂郯城一化工厂发生爆炸，现场目击者称看到浓烟滚滚、听到巨大爆炸声，具体伤亡情况正在进一步核实。via中国独家报道@临沂发布  ​,2,21,4,2014-04-11 13:44:22,https://weibo.cn/comment/AFaYMpd3V?rl=1#cmtfrm,山东阳煤恒通化工股份,1,新浪山东,转发理由:#郯城化工厂爆炸#【山东郯城化工厂爆炸无人员伤亡】据@新华视点 从山东省郯城县委获悉，11日8时20分左右，山东郯城的山东阳煤恒通化工股份有限公司树脂厂pvc车间转化工段管道防爆膜发生爆炸，目前尚无人员伤亡。郯城县安监、环保、公安、消防等部门已经对现场处置完毕，事故原因正在进一步调查中。      ,@临沂发布@新华视点,1
0,新浪山东威海频道,郯城化工厂爆炸#【突发！山东临沂郯城一化工厂发生爆炸！】11日，山东临沂郯城一化工厂发生爆炸，现场目击者称看到浓烟滚滚、听到巨大爆炸声，具体伤亡情况正在进一步核实。via中国独家报道@临沂发布  ​,0,21,0,2014-04-11 13:46:08,https://weibo.cn/comment/AFaYMpd3V?rl=1#cmtfrm,山东阳煤恒通化工股份,1,新浪山东,转发理由:#郯城化工厂爆炸#【山东郯城化工厂爆炸无人员伤亡】据@新华视点 从山东省郯城县委获悉，11日8时20分左右，山东郯城的山东阳煤恒通化工股份有限公司树脂厂pvc车间转化工段管道防爆膜发生爆炸，目前尚无人员伤亡。郯城县安监、环保、公安、消防等部门已经对现场处置完毕，事故原因正在进一步调查中。      ,@临沂发布@新华视点,1
0,尊公义,郯城化工厂爆炸#【突发！山东临沂郯城一化工厂发生爆炸！】11日，山东临沂郯城一化工厂发生爆炸，现场目击者称看到浓烟滚滚、听到巨大爆炸声，具体伤亡情况正在进一步核实。via中国独家报道@临沂发布  ​,0,21,0,2014-04-11 13:47:44,https://weibo.cn/comment/AFaYMpd3V?rl=1#cmtfrm,山东阳煤恒通化工股份,1,新浪山东,转发理由:#郯城化工厂爆炸#【山东郯城化工厂爆炸无人员伤亡】据@新华视点 从山东省郯城县委获悉，11日8时20分左右，山东郯城的山东阳煤恒通化工股份有限公司树脂厂pvc车间转化工段管道防爆膜发生爆炸，目前尚无人员伤亡。郯城县安监、环保、公安、消防等部门已经对现场处置完毕，事故原因正在进一步调查中。      ,@临沂发布@新华视点,1
1,赣州矿管发布,【赣州两矿山列入第四批国家级绿色矿山试点单位公示名单】#行业信息#“4月10日，国土资源部公示第四批国家级绿色矿山试点单位评估结果，赣州兴国县中萤矿业有限公司隆坪萤石矿，崇义章源钨业股份有限公司大余石雷钨矿列入该批次试点单位公示名单。http://t.cn/8sKFsOn @赣州发布 @江西国土资源发布 ​,0,1,2,2014-04-13 21:39:24,https://weibo.cn/comment/AFxIR4bS1?uid=3881624679&rl=1#cmtfrm,崇义章源钨业股份,,,,@赣州发布@江西国土资源发布,1,0,赣州发布,【赣州两矿山入选绿色矿山试点单位[赞]】#赣州新闻#近日，国土资源部公示了第四批国家级绿色矿山试点单位名单，我市的兴国县中萤矿业有限公司隆坪萤石矿、崇义章源钨业股份有限公司大余石雷钨矿名列其中。此前，我市已有10个矿山企业被确定为国家级绿色矿山试点单位。@兴国发布@崇义发布@赣州矿管发布 ​,0,4,5,2014-04-17 14:35:58,https://weibo.cn/comment/B09cEnnPe?uid=3817381137&rl=1#cmtfrm,崇义章源钨业股份,,,,@兴国发布@崇义发布@赣州矿管发布
0,美丽大唐,#爱心微公益#【从南到北植树忙】这个春天里，从北边的鸡西热电公司、到南方的华银张家界水电公司，大唐企业员工植树造林、认领绿地，为美丽中国增添新绿！如果你热爱环保，如果你想为抵制雾霾贡献一份力量，那就带着你的锄头、铁锹加入我们吧[来]！@新浪湖南 @黑龙江发布 @张家界旅游 @鸡西青年 ​,3,0,1,2014-04-17 10:26:33,https://weibo.cn/comment/B07zpeU1O?uid=3872312979&rl=1#cmtfrm,大唐鸡西热电,,,,@新浪湖南@黑龙江发布@张家界旅游@鸡西青年,1
0,永宁微博,#永宁新闻#永宁县780公斤过期农药包括敌敌畏、氧化乐果、24丁酯、三氯杀螨虫等，如不进行无害化处理，随意丢弃，可能会污染土壤、水资源，给环境带来严重影响。由县环保局在逐一报批后，积极联系危险废物处置中心，送往宁夏危险废物和医疗废物处置中心，等待进一步无害化处理[给力]@问政银川 @永宁环保 ​,1,0,1,2014-04-17 22:09:36,https://weibo.cn/comment/B0caN0Q5Y?uid=1935965270&rl=1#cmtfrm,宁夏危险废物和医疗废物处置中心,,,,@问政银川@永宁环保,2
0,昌吉州政府网,【玛纳斯县澳洋科技发生气体中毒事故 6人中毒】4月19日18时40分左右，玛纳斯县澳洋科技有限责任公司污水处理车间，工人在清理沉淀池淤泥时，池内残留硫化氢气体漏出，造成6人中毒，中毒人员已及时送往石河子二医院救治，无生命危险。@岳才勇 @直播新疆 @昌吉生活帮 @昌吉发布 @新疆政府网 @新疆发布 ​,0,0,1,2014-04-21 17:57:08,https://weibo.cn/comment/B0MehxnrM?uid=3413296682&rl=1#cmtfrm,玛纳斯澳洋科技,,,,@岳才勇@直播新疆@昌吉生活帮@昌吉发布@新疆政府网@新疆发布,1
0,南京市供水节水管理处,【中水回用助力节能减排】 “我们原本是一家排污重点监控企业，每天生产污水需要预处理后才能流入污水处理厂再处理。”江苏吴江经济技术开发区山湖颜料有限公司总经理马晓鸣昨天告诉记者......@南京住建 @节水刘大哥 @南京环保 中水回用助力节能减排 ​,0,0,6,2014-04-22 09:22:47,https://weibo.cn/comment/B0Si0laG3?uid=1902469682&rl=1#cmtfrm,吴江污水处理厂,,,,@南京住建@节水刘大哥@南京环保,1
0,美丽大唐,#电厂检修季#【卸船机检修】广东大唐国际潮州发电公司是临海电厂。靠海而居、辛苦接卸燃煤的卸船机受雾气、海风等侵蚀，老化严重。潮州公司给它安排30天的“疗养假”，“体检”项目百余项。30天后，卸船机将活力满格，重新踏上岗位，输送迎峰度夏机组发电所需“口粮”。@广东发布 @中国南方电网公司 ​,2,3,1,2014-04-22 10:59:45,https://weibo.cn/comment/B0SVmwW5J?uid=3872312979&rl=1#cmtfrm,广东大唐国际潮州发电,,,,@广东发布@中国南方电网公司,1
0,郴州倪亚玲,#湘江守望者·耒水站#2014年4月22日17:00，中盐华湘化工排水口水清、无气味、ph值6。志愿者推动、相关部门行动、企业积极整改，工厂的废水处理技术改扩建项目，经一年的工期春节前调试，现已经基本完工运行。中盐华湘化工履行了企业的社会责任。有行动就有改变！@绿色潇湘 @绿水青山总关情 @刘帅168 ​,2,3,21,2014-04-23 02:33:23,https://weibo.cn/comment/B0Z2kjyna?uid=1986194715&rl=1#cmtfrm,中盐华湘化工,,,,@绿色潇湘@绿水青山总关情@刘帅168,2
0,郴州倪亚玲,#湘江守望者·耒水站#2014年4月22日17:00，中盐华湘化工排水口水清、无气味、ph值6。志愿者推动、相关部门行动、企业积极整改，工厂的废水处理技术改扩建项目，经一年的工期春节前调试，现已经基本完工运行。中盐华湘化工履行了企业的社会责任。有行动就有改变！@绿色潇湘 @绿水青山总关情 @刘帅168 ​,2,3,21,2014-04-23 02:33:23,https://weibo.cn/comment/B0Z2kjyna?uid=1986194715&rl=1#cmtfrm,中盐华湘化工,,,,@绿色潇湘@绿水青山总关情@刘帅168,2
0,新疆旱子,#新疆第一窖古城酒业带您直击“中国首次女子民间珠峰（南坡）登山队”#失联三天，我们很好，正在赶往珠峰大本营，今天下午应该能到，这是今天的路途，还遇到一只雪鸡。@乌鲁木齐晚报 @新疆发布  ​,1,4,13,2014-04-23 14:43:08,https://weibo.cn/comment/B13Ox9RQ9?uid=1221438563&rl=1#cmtfrm,新疆第一窖古城酒业,,,,@乌鲁木齐晚报@新疆发布,1
0,上海华虹集团,"工会动态#【本市2014年全国和上海市五一劳动奖状、奖章、工人先锋号揭晓[鼓掌]】平凡的岗位创造不平凡的业绩！本次共评选出2014年全国五一劳动奖状10家,全国五一劳动奖章50名,全国工人先锋号39个；上海市五一劳动奖状81家,上海市五一劳动奖章149名,上海市工人先锋号300个。戳图找找身边的行业先锋↓ ​",3,20,3,2014-05-02 11:16:44,https://weibo.cn/comment/B1kSLiFXw?rl=1#cmtfrm,上海华虹宏力半导体制造,1,上海工会发布,转发理由:恭喜上海华力微电子有限公司40纳米低功耗芯片研发团队获得上海市2014年全国工人先锋号，恭喜上海华虹宏力半导体制造有限公司王雷获得2014年上海市五一劳动奖章！[鼓掌]真的很棒哦！//@上海发布: 【本市2014年全国和上海市五一劳动奖状、奖章、工人先锋号名单公布！】      ,@上海发布,1
0,上海华虹集团,"工会动态#【本市2014年全国和上海市五一劳动奖状、奖章、工人先锋号揭晓[鼓掌]】平凡的岗位创造不平凡的业绩！本次共评选出2014年全国五一劳动奖状10家,全国五一劳动奖章50名,全国工人先锋号39个；上海市五一劳动奖状81家,上海市五一劳动奖章149名,上海市工人先锋号300个。戳图找找身边的行业先锋↓ ​",3,20,3,2014-05-02 11:16:44,https://weibo.cn/comment/B1kSLiFXw?rl=1#cmtfrm,上海华力微电子,1,上海工会发布,转发理由:恭喜上海华力微电子有限公司40纳米低功耗芯片研发团队获得上海市2014年全国工人先锋号，恭喜上海华虹宏力半导体制造有限公司王雷获得2014年上海市五一劳动奖章！[鼓掌]真的很棒哦！//@上海发布: 【本市2014年全国和上海市五一劳动奖状、奖章、工人先锋号名单公布！】      ,@上海发布,1
0,镇海发布,【镇电公司4套燃煤机组全部脱硝】@镇海环保 消息，浙江浙能镇海发电有限责任公司4号燃煤机组烟气脱硝系统近日通过168小时试运行，正式投运。至此，该公司4套燃煤机组已全部实现烟气脱硝。在4套装置稳定运行后，[hold住]镇电公司每年可减排氮氧化物约1.4万吨，这将有助于缓解大气污染，特别是酸雨现象。 ​,2,9,20,2014-05-04 09:52:39,https://weibo.cn/comment/B2HC5p8L2?uid=2588125812&rl=1#cmtfrm,浙江浙能镇海发电,,,,@镇海环保,1
0,镇海发布,【镇电公司4套燃煤机组全部脱硝】@镇海环保 消息，浙江浙能镇海发电有限责任公司4号燃煤机组烟气脱硝系统近日通过168小时试运行，正式投运。至此，该公司4套燃煤机组已全部实现烟气脱硝。在4套装置稳定运行后，[hold住]镇电公司每年可减排氮氧化物约1.4万吨，这将有助于缓解大气污染，特别是酸雨现象。 ​,2,9,20,2014-05-04 09:52:39,https://weibo.cn/comment/B2HC5p8L2?uid=2588125812&rl=1#cmtfrm,浙江浙能镇海发电,,,,@镇海环保,1
0,外向的孤独患者累了,真是难以忍受大学城每天早晨飘来的一股塑料恶臭味 [心碎]@海峡都市报 @福建师范大学微博协会 @华南女院新鲜事 @福州那些事儿 @福州环保 @福州新媒体 好像听说之前有人反应大学城一“塑料厂”？的问题了可以还是得不到有关部门的帮助！我们的健康找谁来负责 [口罩] 我在这里:福州·福建工程学院 ​,0,1,5,2014-05-05 10:28:10,https://weibo.cn/comment/B2Rh0aGur?uid=2332113753&rl=1#cmtfrm,福建海峡环保,,,,@海峡都市报@福建师范大学微博协会@华南女院新鲜事@福州那些事儿@福州环保@福州新媒体,1
0,马鞍山帮帮,【马钢等16家企业因为环境违法被省环保厅挂牌督办】16家企业包括马鞍山钢铁股份有限公司、安徽铜陵海螺水泥有限公司等，其中有10家企业位处铜陵，这些企业环境违法主要是废水或废气超标排放。省环保厅要求对限期未落实整改任务、逾期不能达标排放的企业，要加大处罚力度，直至关停整改。（@安徽发布） ​,0,2,4,2014-05-05 18:35:58,https://weibo.cn/comment/B2Ut07E9z?uid=5044717223&rl=1#cmtfrm,马鞍山钢铁股份,,,,@安徽发布,1
0,马鞍山帮帮,【马钢等16家企业因为环境违法被省环保厅挂牌督办】16家企业包括马鞍山钢铁股份有限公司、安徽铜陵海螺水泥有限公司等，其中有10家企业位处铜陵，这些企业环境违法主要是废水或废气超标排放。省环保厅要求对限期未落实整改任务、逾期不能达标排放的企业，要加大处罚力度，直至关停整改。（@安徽发布） ​,0,2,4,2014-05-05 18:35:58,https://weibo.cn/comment/B2Ut07E9z?uid=5044717223&rl=1#cmtfrm,马鞍山钢铁股份,,,,@安徽发布,1
0,马鞍山帮帮,【马钢等16家企业因为环境违法被省环保厅挂牌督办】16家企业包括马鞍山钢铁股份有限公司、安徽铜陵海螺水泥有限公司等，其中有10家企业位处铜陵，这些企业环境违法主要是废水或废气超标排放。省环保厅要求对限期未落实整改任务、逾期不能达标排放的企业，要加大处罚力度，直至关停整改。（@安徽发布） ​,0,2,4,2014-05-05 18:35:58,https://weibo.cn/comment/B2Ut07E9z?uid=5044717223&rl=1#cmtfrm,铜陵海螺水泥,,,,@安徽发布,1
0,海盐住房公积金,【2013年县公积金管理获市政府多项表彰】海盐县荣获市公积金制度扩面考核先进县；县分中心荣获公积金管理先进单位；县人力社保局、工商银行海盐支行、县武原街道办事处荣获公积金制度协同扩面先进单位；浙江海利普、浙江恒洋热电、浙江青莲食品三家公司荣获公积金缴存先进单位。@海盐住建 @海盐发布 ​,0,1,1,2014-05-09 09:55:18,https://weibo.cn/comment/B3sLEc2b0?uid=2884432140&rl=1#cmtfrm,浙江恒洋热电,,,,@海盐住建@海盐发布,1
0,海盐住房公积金,【2013年县公积金管理获市政府多项表彰】海盐县荣获市公积金制度扩面考核先进县；县分中心荣获公积金管理先进单位；县人力社保局、工商银行海盐支行、县武原街道办事处荣获公积金制度协同扩面先进单位；浙江海利普、浙江恒洋热电、浙江青莲食品三家公司荣获公积金缴存先进单位。@海盐住建 @海盐发布 ​,0,1,1,2014-05-09 09:55:18,https://weibo.cn/comment/B3sLEc2b0?uid=2884432140&rl=1#cmtfrm,浙江恒洋热电,,,,@海盐住建@海盐发布,1
0,绿色彭城,江苏徐州环保局@徐州环保 为何甘替污染企业说慌？与大彭镇大彭集村一墙之隔的华裕煤气黑烟粉尘依旧，这就是地方环保部门所谓的“已停产整顿，不可能排污了”。相关环保部门面对污染如此严重的企业睁一只眼闭一只眼，甚至不惜替其说谎掩盖，难脱渎职纵容包庇关系。江苏徐州环保局为何甘替污染企业说慌？ via.@中国经济网 ​,0,2,1,2014-05-09 23:52:10,https://weibo.cn/comment/B3yfkrKG2?uid=3104553081&rl=1#cmtfrm,徐州华裕煤气,,,,@徐州环保@中国经济网,1
0,萧班立,苏徐州环保局@徐州环保 为何甘替污染企业说慌？与大彭镇大彭集村一墙之隔的华裕煤气黑烟粉尘依旧，这就是地方环保部门所谓的“已停产整顿，不可能排污了”。相关环保部门面对污染如此严重的企业睁一只眼闭一只眼，甚至不惜替其说谎掩盖，难脱渎职纵容包庇关系。江苏徐州环保局为何甘替污染企业说慌？ via.@中国经济网 ​,1,2,0,2014-05-10 00:23:42,https://weibo.cn/comment/B3yfkrKG2?rl=1#cmtfrm,徐州华裕煤气,1,绿色彭城,转发理由:原徐州环宇焦化公司搬迁入驻华裕煤气有限公司，焦化厂搬到哪，污染到哪      ,@徐州环保@中国经济网,1
0,李大威jovi,因高栏港大道上积水太深，车辆只能开进珠海港物流公司对出路段行驶，目前因赛车停在碧辟化工门口路段。@珠海电视新闻 @珠海公交巴士官方微博 @珠海电台交通875 @珠海发布 @珠海特区报 ​,0,3,0,2014-05-10 17:24:05,https://weibo.cn/comment/B3F8j0jJs?uid=2549452130&rl=1#cmtfrm,珠海碧辟化工,,,,@珠海电视新闻@珠海公交巴士官方微博@珠海电台交通875@珠海发布@珠海特区报,1
0,开心的静曦,整个下李朗社区都淹水了@飞刀腐女 @深圳市水务局 @深圳广电集团第一现场 @深圳市水务局 我在:大围路 ​,0,0,0,2014-05-11 15:10:24,https://weibo.cn/comment/B3NGxFROO?uid=1799635351&rl=1#cmtfrm,深圳市水务（集团）,,,,@飞刀腐女@深圳市水务局@深圳广电集团第一现场@深圳市水务局,2
0,守护夏都,#开车撞伤老太太，不救人先开会#禹州吧网友“冠的上样儿”爆料称：河南省许昌新龙矿业有限责任公司（新龙公司）车牌号为豫NDE119的车辆撞人后，不先施救，弃下人车去开会，引网民吐槽：“出了这样的事还去开会？开你妹啊”！@拥抱幸福平安 @许昌通@许昌论坛@文明许昌@精彩许昌@大河报@禹州发布@李俊晓 ​,3,16,26,2014-05-12 10:04:31,https://weibo.cn/comment/B3V6SlRp1?uid=2512580333&rl=1#cmtfrm,许昌新龙矿业,,,,@拥抱幸福平安@许昌通@许昌论坛@文明许昌@精彩许昌@大河报@禹州发布@李俊晓,1
0,守护夏都,#开车撞伤老太太，不救人先开会#禹州吧网友“冠的上样儿”爆料称：河南省许昌新龙矿业有限责任公司（新龙公司）车牌号为豫NDE119的车辆撞人后，不先施救，弃下人车去开会，引网民吐槽：“出了这样的事还去开会？开你妹啊”！@拥抱幸福平安 @许昌通@许昌论坛@文明许昌@精彩许昌@大河报@禹州发布@李俊晓 ​,3,16,26,2014-05-12 10:04:31,https://weibo.cn/comment/B3V6SlRp1?uid=2512580333&rl=1#cmtfrm,河南省许昌新龙矿业,,,,@拥抱幸福平安@许昌通@许昌论坛@文明许昌@精彩许昌@大河报@禹州发布@李俊晓,1
0,阿克陶发布,【政务快递】#新疆华电发电公司住村工作组向住点捐赠300万援助金#5月11日，阿克陶县皮拉勒乡举办了新疆华电发电公司捐赠仪式，并签订了援助协议书，向该乡捐助近300万元帮扶资金。http://t.cn/RvvWWOH @新疆发布 @最后一公里 @阿克陶政府网 @阿克陶刘明华 ​,1,0,0,2014-05-14 13:05:11,https://weibo.cn/comment/B4f9csN8f?uid=2822613250&rl=1#cmtfrm,华电新疆发电,,,,@新疆发布@最后一公里@阿克陶政府网@阿克陶刘明华,1
0,打打苍蝇吧,4.2006年县水利部下拨给此村水利款10000元，不知去向;5.扶贫旱井款30000元，不知去向;6.他们三人虚报冒领山西华润福龙水泥有限公司给的核桃树补偿款共计162000元；@新华网 @山西新闻 @山西晚报 @山西发布 ​,0,0,102,2014-05-15 09:52:24,https://weibo.cn/comment/B4njrElIo?uid=5133063243&rl=1#cmtfrm,山西华润福龙水泥,,,,@新华网@山西新闻@山西晚报@山西发布,1
0,打打苍蝇吧,4.2006年县水利部下拨给此村水利款10000元，不知去向;5.扶贫旱井款30000元，不知去向;6.他们三人虚报冒领山西华润福龙水泥有限公司给的核桃树补偿款共计162000元；@新华网 @山西新闻 @山西晚报 @山西发布 ​,0,0,102,2014-05-15 09:52:24,https://weibo.cn/comment/B4njrElIo?uid=5133063243&rl=1#cmtfrm,山西华润福龙水泥,,,,@新华网@山西新闻@山西晚报@山西发布,1
0,宜兴陶都论坛,#网友看公用#第四站，在建中的宜兴市城市污水处理厂@宜兴大陶都网 @宜兴市公用事业管理局 @陶都供水 @宜兴发布 @宜兴林子 @凤起高阁 ​,0,1,1,2014-05-16 13:22:36,https://weibo.cn/comment/B4y7gs2P5?uid=1881288671&rl=1#cmtfrm,宜兴市城市污水处理厂,,,,@宜兴大陶都网@宜兴市公用事业管理局@陶都供水@宜兴发布@宜兴林子@凤起高阁,1
0,贺兰环保,民反映：贺兰县造纸厂东边的排水沟，水色发黑，很远就能闻到恶臭味，严重影响环境，请关注。@问政银川 ​,0,4,0,2014-05-16 14:51:24,https://weibo.cn/comment/B4f6K1GVB?rl=1#cmtfrm,贺兰县污水处理厂,1,直播银川,,@问政银川,1
0,贺兰环保,民反映：贺兰县造纸厂东边的排水沟，水色发黑，很远就能闻到恶臭味，严重影响环境，请关注。@问政银川 ​,0,4,0,2014-05-16 14:51:24,https://weibo.cn/comment/B4f6K1GVB?rl=1#cmtfrm,贺兰县污水处理厂,1,直播银川,,@问政银川,1
0,生态大塘,【大塘镇开展无偿献血活动】5月13-14日，大塘镇联合佛山市中心血站三水血站，分别在佛山市三水佳利达纺织染有限公司和黎木岗市场开展自愿无偿献血活动，得到广大群众积极响应。详见：http://t.cn/Rvhk2Vx @三水发布 ​,0,0,0,2014-05-16 17:18:55,https://weibo.cn/comment/B4zFbsxvy?uid=2721971744&rl=1#cmtfrm,佛山市三水佳利达纺织染,,,,@三水发布,1
0,嘻哈雪嘉,【哈尔滨群力污水处理厂二期暂不开工】18日下午，哈市政府召开新闻发布会，对近期市民和媒体关注的群力污水处理厂二期工程项目问题给予答复。市政府副秘书长刘星明表示，群力污水厂二期工程建设在没有履行完法定建设审批程序和征得群众认可之前，暂不开工。详细：哈尔滨群力污水处理厂二期暂不开工(图) @哈尔滨环保 ​,0,4,8,2014-05-19 09:11:45,https://weibo.cn/comment/B4YKW4nai?uid=2484951175&rl=1#cmtfrm,哈尔滨群力污水处理厂,,,,@哈尔滨环保,1
0,ALiangDad,闽AY5118尾气很严重@福建身边事 @福州环保 @海峡都市报 ​,0,0,0,2014-05-19 10:10:51,https://weibo.cn/comment/B4Z8VhTNt?uid=2062978435&rl=1#cmtfrm,福建海峡环保,,,,@福建身边事@福州环保@海峡都市报,1
0,美丽大唐,#群众身边大唐人#【200套“大唐牌”救生衣】广东大唐国际潮州发电公司为公司所在地的柘林镇下岱村村民送去200套救生衣。该村村民主要生活来源以出海打鱼为主。潮州发电公司从他们的实际需求出发，考虑到出海安全，订制了救生衣，给他们送去来自大唐的暖暖关心和祝福。@微公益@广东发布@群众路线人人谈 ​,1,0,1,2014-05-19 15:29:33,https://weibo.cn/comment/B51ehvTcK?uid=3872312979&rl=1#cmtfrm,广东大唐国际潮州发电,,,,@微公益@广东发布@群众路线人人谈,1
0,邀您看三山,#三山视点# #群众路线教育实践活动# @芜湖发布 【三山经济开发区成功举办企业职工篮球友谊赛】5月16日下午，三山经济开发区企业职工篮球友谊赛决赛正在激烈的进行中，来自新兴铸管和芜湖格力两支球队在啦啦队的呐喊声中一较高低。http://t.cn/RvwRGqu ​,0,0,0,2014-05-20 15:21:53,https://weibo.cn/comment/B5aBFojdc?uid=3257891674&rl=1#cmtfrm,芜湖新兴铸管,,,,@芜湖发布,1
0,开心的静曦,深圳龙岗南湾街道下李朗社区每次下雨都淹。请帮助我们。@深圳广电集团第一现场 @飞刀腐女 @深圳市水务局 @新浪视野 我在:布澜路 我在:布澜路 ​,0,0,0,2014-05-20 15:47:20,https://weibo.cn/comment/B5aM0lU2l?uid=1799635351&rl=1#cmtfrm,深圳市水务（集团）,,,,@深圳广电集团第一现场@飞刀腐女@深圳市水务局@新浪视野,1
0,绿行齐鲁,济南：挂牌督办八家超排企业】今天，济南市环保局对近日查处的8家存在环境空气和水污染的单位进行挂牌督办。其中，山水水泥集团烟尘排放中二氧化硫超标8.4倍，中国重汽设暗管排放废水。http://t.cn/RvAMehA。@公众环境研究中心马军@绿行齐鲁@山东环境@不浪费2@豫鲁风骨@济南环保@与狼共舞青春 ​,0,28,63,2014-05-21 09:23:46,https://weibo.cn/comment/B5h8qF17R?rl=1#cmtfrm,济南达利食品,1,生态梦人,转发理由:济南德馨斋食品、山东山水水泥集团、山东协和学院、济南圣都食品、山东英才学院、济南达利食品、山东建厦管桩、中国重汽集团，这些企业在破坏我们的环境。[随手拍][拍照]//@豫鲁风骨: [给力]//@公众环境研究中心马军: 挂牌督办，社会监督[围观][围观]      ,@公众环境研究中心马军@绿行齐鲁@山东环境@不浪费2@豫鲁风骨@济南环保@与狼共舞青春@豫鲁风骨@公众环境研究中心马军,2
0,邀您看三山,#三山视点# #群众路线教育实践活动# #三线三边# @芜湖发布 【“三线三边”扎实开展 环境整治马不停蹄】5月14日下午，三山区市容局环卫科联合开发区中队，对位于三山区经济开发区内芜湖双汇食品有限公司旁孙滩路沿线所堆积的生活垃圾及杂物进行了集中清理。http://t.cn/RvAn433 ​,0,1,0,2014-05-21 15:23:43,https://weibo.cn/comment/B5k2UmXHx?uid=3257891674&rl=1#cmtfrm,芜湖双汇食品,,,,@芜湖发布,1
0,吴堡公安,【我局交警大队进企业开展党的群众路线教育实践活动】为进一步深化党的群众路线活动，5月19日上午，我局副局长、交警大队长王爱华带领综合办、交管办、车管所、事故中队、法宣办民警，深入吴堡县冀东特种水泥有限责任公司开展送法律和征求意见活动。@榆林公安 @吴堡公安法制 @吴堡人网 @吴堡发布 ​,0,0,1,2014-05-22 17:11:22,https://weibo.cn/comment/B5ub6hfGQ?uid=3512711357&rl=1#cmtfrm,吴堡冀东特种水泥,,,,@榆林公安@吴堡公安法制@吴堡人网@吴堡发布,1
0,美丽大唐,【大唐消防队员，好样滴！】5月20日16点30分，贵州水盘高速发耳路段一辆大货车发生自燃，情况危急。在接到119指挥中心求援通知后，大唐贵州发耳发电公司专职消防队迅速出动奔赴现场。他们根据火势情况布置水枪阵，并在车辆两侧用干粉灭火，合力包夹。经过30分钟扑救，火被扑灭。@中国消防@六盘水公安 ​,4,0,3,2014-05-23 11:40:38,https://weibo.cn/comment/B5Brm0x5M?uid=3872312979&rl=1#cmtfrm,大唐贵州发耳发电,,,,@中国消防@六盘水公安,1
0,我独醒您呢,昨晚到现在一直下雨，公车私用的司机冀BFV661在煤研所在羽毛球馆避雨吗？实名举报河北唐山冀东水泥三友集团长期公车私用违反四风和群众路线教育实践活动！@善行河北 @唐山发布 @微博看唐山 @微博河北 @河北发布 @央视新闻调查 @央视新闻 @河北电视台 @新浪河北 @河北日报 @燕赵都市报 @中国之声 ​,0,2,0,2014-05-24 11:20:35,https://weibo.cn/comment/B5KJIcXFt?uid=3989243680&rl=1#cmtfrm,唐山冀东水泥三友,,,,@善行河北@唐山发布@微博看唐山@微博河北@河北发布@央视新闻调查@央视新闻@河北电视台@新浪河北@河北日报@燕赵都市报@中国之声,2
0,我独醒您呢,河北唐山冀东水泥三友司机长期公车私用，下雨了你从煤研所南二楼到西三楼不足200米距离还开车？腐败的蛀虫你不怕腿退化了！@燕赵都市报 @河北日报 @新浪河北 @河北电视台 @河北发布 @唐山发布 @微博河北 @微博看唐山 @文明唐山 @善行河北 @央视新闻 @央视新闻调查 唐山·煤研院社区 ​,0,1,0,2014-05-24 13:33:07,https://weibo.cn/comment/B5LBvo4cf?uid=3989243680&rl=1#cmtfrm,唐山冀东水泥三友,,,,@燕赵都市报@河北日报@新浪河北@河北电视台@河北发布@唐山发布@微博河北@微博看唐山@文明唐山@善行河北@央视新闻@央视新闻调查,2
0,Air_Lian,心扩散！一位消防队员的生命因你们而停留，绝非诈骗团体！请你们救救他！（看完请帮转，动动你们的手指，只为生命的停留！）@北京新阳光慈善基金会 @爱佑慈善基金会 @中华社会救助基金会 @中国消防 @善行河北 @爱心家园白血病救助 @微公益 @德义基金 爱心扩散！一位消防队员的生命因你们而停留，绝非诈骗团体！请你们救救他！（看完烦请帮转，动动你们的手指，非常感谢！） ​,0,247,4,2014-05-26 08:53:57,https://weibo.cn/comment/B5V0hAA3J?rl=1#cmtfrm,湖南云箭集团,1,Air_Lian,,@北京新阳光慈善基金会@爱佑慈善基金会@中华社会救助基金会@中国消防@善行河北@爱心家园白血病救助@微公益@德义基金,1
0,邀您看三山,#三山视点# #群众路线教育实践活动# @芜湖发布 【我区3人获得市“见义勇为先进个人”三等奖】日前，芜湖市见义勇为基金会授予22人为芜湖第二十五届“见义勇为先进个人”称号，我区恒安（芜湖）纸业有限公司许雷和三山公安分局辅警杨涛、丁隆宾3人喜获这一殊荣的三等奖。http://t.cn/Rv4BEOX ​,0,0,0,2014-05-26 15:48:32,https://weibo.cn/comment/B65lt0AHd?uid=3257891674&rl=1#cmtfrm,恒安（芜湖）纸业,,,,@芜湖发布,1
0,新闻娃,【榆林多家污水处理厂成招商噱头 存在超标排放】地处陕西省最北部的榆林市，煤、气、油、盐资源富集，丰富的能源矿产资源，让榆林在过去的5年中迅猛发展。近几年来，榆林市相继建设了15座污水处理厂，其中，建成投运并通过验收的城镇污水处理厂有14家。@陕西环保 @中国环保 ​,0,2,1,2014-05-26 16:06:31,https://weibo.cn/comment/B65sLnkTr?uid=3704758942&rl=1#cmtfrm,榆林市污水处理厂,,,,@陕西环保@中国环保,1
0,Air_Lian,心扩散！一位消防队员的生命因你们而停留，绝非诈骗团体！请你们救救他！（看完请帮转，动动你们的手指，只为生命的停留！）@北京新阳光慈善基金会 @爱佑慈善基金会 @中华社会救助基金会 @中国消防 @善行河北 @爱心家园白血病救助 @微公益 @德义基金 爱心扩散！一位消防队员的生命因你们而停留，绝非诈骗团体！请你们救救他！（看完烦请帮转，动动你们的手指，非常感谢！） ​,0,247,0,2014-05-26 17:05:53,https://weibo.cn/comment/B5V0hAA3J?rl=1#cmtfrm,湖南云箭集团,1,Air_Lian,,@北京新阳光慈善基金会@爱佑慈善基金会@中华社会救助基金会@中国消防@善行河北@爱心家园白血病救助@微公益@德义基金,1
0,葱葱AQQ,唉！某些人的利益使然啊！——【姜堰化肥厂违规排污只罚款10万元草草了事，如此低的违法成本变相鼓励不法企业前赴后继】@姜堰三水网 by 枕水泰州：针对姜堰市化肥有限责任公司违规设立两处废水排放口违法排污的行为，@姜堰环保 于3月29日立案查处，于4月3日、4月14日分别作出 http://t.cn/RvbFXJG ​,0,5,4,2014-05-27 16:52:09,https://weibo.cn/comment/B6fbN8y8e?uid=1911018244&rl=1#cmtfrm,姜堰市化肥,,,,@姜堰三水网@姜堰环保,1
0,美丽大唐,#一线微聚焦#【应对台风来袭 我们时刻准备着！】夏季是台风、强对流天气等高发的季节。临海而居的广东大唐国际潮州发电公司组织14个部门180余人开展防台、防汛、防强对流天气应急演练，以备台风来袭时有序应对，保证稳定发电。@潮州发布@广东发布@中国电力报 ​,0,0,0,2014-05-27 18:54:44,https://weibo.cn/comment/B6fZxsgQq?uid=3872312979&rl=1#cmtfrm,广东大唐国际潮州发电,,,,@潮州发布@广东发布@中国电力报,1
0,美丽大唐,#大唐迎峰而上#【迎战高“烤”】立夏过后，鲁北地区气温大幅升高，用电高峰随之而至。大唐鲁北发电公司做好高温下运行设备巡检和消缺工作，优化运行方式，让机组开足马力、提供电力。目前，该公司机组全开，日发电量1200万度。@中国电力新闻网@山东发布 ​,0,0,0,2014-05-27 19:03:58,https://weibo.cn/comment/B6g3hFKgG?uid=3872312979&rl=1#cmtfrm,大唐鲁北发电,,,,@中国电力新闻网@山东发布,1
0,徐州工业职业技术学院,我校化工学院与新加坡独资企业新浦化学（泰兴）有限公司成功举行校企合作签约仪式，校企双方签订了2015届“新浦班”订单培养协议及人才合作培养方案，同时就技术合作、科研课题联合申报及人才互聘等方面也达成一致共识。[给力]高三的小伙伴们，还不赶紧来报我们学校吧！@微言教育 @江苏教育发布 ​,1,0,1,2014-05-27 20:33:17,https://weibo.cn/comment/B6gDyqqxi?uid=3880263376&rl=1#cmtfrm,新浦化学（泰兴）,,,,@微言教育@江苏教育发布,1
0,泰01,请问这么大热天，停水不公告一下。为了一个兆和商务大厦施工，停了翠山路，草埔地区的水……这是建设国际先进、法制城市的节奏吗……[吃惊]@深圳市政府官方微博 @深圳市政府官方微博 @深圳交警 @深圳水务集团 @深圳市政府官方微博 ​,0,1,0,2014-05-28 23:45:25,https://weibo.cn/comment/B6rk1wejS?uid=1749237371&rl=1#cmtfrm,深圳市水务（集团）,,,,@深圳市政府官方微博@深圳市政府官方微博@深圳交警@深圳水务集团@深圳市政府官方微博,1
0,MISS蕾在其中,爱心[心]和气温的pk，谁赢了呢？[偷笑] 六一临近，嘉兴石油组织志愿者队伍走进嘉兴市阳光乐园(孤独症幼儿教育康复中心)，和这里的孩子们开展了一场名为“爱心放飞中国梦•石化与你手拉手”的主题活动。@浙江石油新闻中心 @浙江石油青春合唱团 @中国石化嘉兴石油 @zhrr_99 @一池清水- @石化实说 ​,1,6,19,2014-05-29 10:50:18,https://weibo.cn/comment/B6vFU1IPQ?uid=2748371584&rl=1#cmtfrm,嘉兴石化,,,,@浙江石油新闻中心@浙江石油青春合唱团@中国石化嘉兴石油@一池清水-@石化实说,1
0,公众环境马军,#污染地图#中国国电集团公司谏壁发电厂在线监测数据显示，氮氧化物和烟尘折算浓度异常偏高。希望企业对此自测数据作出确认。@江苏环保  ​,0,1,1,2014-05-29 15:23:57,https://weibo.cn/comment/B6xsYupPb?uid=2174951252&rl=1#cmtfrm,中国国电集团公司谏壁发电厂,,,,@江苏环保,1
0,文明管城,月29日下午，在新郑市东郭寺小学校区内举行了“金星之光•关爱成长”爱心助学暨“金星少年班”揭牌仪式，金星啤酒集团再次走进新郑市东郭寺小学举行爱心助学。 当天，由金星啤酒集团领导带队、青年志愿者向该小学捐赠4500册儿童读物、排球和篮球等文体用品在内价值近万元的“爱心礼物”。@文明管城 ​,0,1,7,2014-05-30 10:02:53,https://weibo.cn/comment/B6EGQqQjd?rl=1#cmtfrm,金星啤酒集团,1,金星啤酒集团,转发理由:给我们的爱心企业金星啤酒集团点32个赞！[心][赞][赞][赞]@文明河南 @赵云龙 @霍豫闽 @志愿郑州 @郑州管城区      ,@文明管城@文明河南@赵云龙@霍豫闽@志愿郑州@郑州管城区,1
0,志愿者老木子,@深圳微博发布厅 @深圳市水务集团 布吉西环路与粤宝路交界处，由于下水道堵塞，污水溢出路面，臭味令人想吐，已经数天了，没人来疏通，希望引起重视。 ​,0,0,2,2014-05-30 12:05:02,https://weibo.cn/comment/B6FAJpbRP?uid=1813446410&rl=1#cmtfrm,深圳市水务（集团）,,,,@深圳微博发布厅@深圳市水务集团,1
0,南宁供电段,由于茂名站灯桥线路老化，南宁供电段湛江电力维修组及时对其进行了检查维修。为确保安全供电，最终将电力线路更换成35平方毫米的绝缘导线，把供电隐患扼杀在萌芽中。@南宁铁路 ​,1,0,0,2014-05-31 19:39:03,https://weibo.cn/comment/B6RZw1BxG?uid=2580632633&rl=1#cmtfrm,湛江电力,,,,@南宁铁路,1
0,克拉玛依发布,【无烟城市】在克拉玛依市政府办公楼、学校、医疗卫生机构等公共场所全面执行“控烟令”后。2014年，我市控烟重点转向各企业单位。目前，已有新疆油田公司客运公司、风城采油作业区等26 家企业主动报名加入“无烟城市”无烟企业建设的行列。@新疆发布 @直播新疆 @新疆综合网 ​,1,1,3,2014-06-03 12:35:22,https://weibo.cn/comment/B7hv236qT?uid=2629250601&rl=1#cmtfrm,新疆油田公司风城油田作业区,,,,@新疆发布@直播新疆@新疆综合网,1
0,美丽大唐,#安全嘚吧嘚#【应急演练拉开序幕！】大唐渭河热电厂组织开展电缆夹层火灾、油库着火等多项事故应急演练活动，强化安全意识，提升高温天气下突发事件、突发险情的应急处置能力，为稳定发电更添“安全砝码”。@陕西发布@中国消防 ​,3,0,0,2014-06-03 14:17:20,https://weibo.cn/comment/B7iaq79UT?uid=3872312979&rl=1#cmtfrm,大唐渭河热电厂,,,,@陕西发布@中国消防,1
0,邀您看三山,#三山视点# #群众路线教育实践活动# @芜湖发布 【恒安（芜湖）纸业有限公司“幸福e站”揭牌成立】5月29日上午， 恒安（芜湖）纸业“幸福e站”揭牌成立，此举标志着，今后恒安纸业的育龄流动妇女将享受到均等化的计生服务。http://t.cn/RvIwNpc ​,0,0,0,2014-06-03 16:03:36,https://weibo.cn/comment/B7iRyjyg6?uid=3257891674&rl=1#cmtfrm,恒安（芜湖）纸业,,,,@芜湖发布,1
