江西环保,认证：江西省环境保护厅官方微博,省,是,
浙江环保,认证：浙江省环保厅官方微博,省,是,
浙江省环保厅团委,认证：浙江省环保厅团委官方微博,省,是,
江苏环保,认证：江苏省环保厅官方微博,省,是,
陕西环保,认证：陕西省环境保护厅官方微博,省,是,
上海环境,认证：上海市环境保护局官方微博,省,是,
安徽环保,认证：安徽省环境保护厅官方微博,省,是,
山东环境,认证：山东省环境保护厅官方微博,省,是,
环保北京,认证：北京市环境保护局官方微博,省,是,
北京市环保局总量处,认证：北京市环保局污染物排放总量控制处官方微博,省,是（子部门）,
天津环保发布,认证：天津市环境保护局官方微博,省,是,
吉林省环境保护厅,认证：吉林省环境保护厅官方微博,省,是,
龙江环保,认证：黑龙江省环境保护厅官方微博,省,是,
新疆环境保护厅,认证：新疆维吾尔自治区环境保护厅官方微博,省,是,
湖南省环境保护厅,认证：湖南省环境保护厅官方微博,省,是,
重庆环保,认证：重庆市环境保护局官方微博,省,是,
湖北环保,认证：湖北省环境保护厅官方微博,省,是,
陕西环保沙龙,认证：陕西省环境保护宣传教育中心下属办公室官方微博,省,是（子部门）,
贵州环保365,认证：贵州省环境保护厅官方微博,省,是,
云南省环保厅团委,认证：云南省环保厅团委官方微博,省,是,
四川环保,认证：四川省环保厅官方微博,省,是,
云南省环保厅,认证：云南省环境保护厅官方微博,省,是,
辽宁环保,认证：辽宁省环境保护厅官方微博,省,是,
甘肃环保,认证：甘肃省环境保护厅官方微博,省,是,
刘帅168,认证：湖南省人大环境与资源保护委员会办公室副主任,省（官员）,是,
绿水青山总关情,认证：湖南省环境保护厅法宣处处长,省（官员）,是,
绿映春天,认证：四川省环保厅副厅长钟勤建,省（官员）,是,
萍乡市环境保护局,认证：江西省萍乡市环境保护局官方微博,市,是,
南昌环境保护局发布,认证：江西省南昌市环保局官方微博,市,是,
金华市环保局,认证：金华市环保局官方微博，主要以发布金华生态环保工作信息为主。,市,是,
杭州环保,认证：浙江省杭州市环境保护局官方微博,市,是,
赣州市环境保护局,认证：江西省赣州市环境保护局官方微博,市,是,
新余市环保,认证：新余市环境保护局,市,是,
九江环保发布,认证：九江市环境保护局官方微博,市,是,
宁波市环境保护局,认证：宁波市环境保护局官方微博,市,是,
温州环保,认证：浙江省温州市环境保护局官方微博,市,是,
嘉兴环境保护,认证：浙江省嘉兴市环保局官方微博,市,是,
东莞环保,认证：东莞市环保局官方微博,市,是,
日照环境,认证：日照市环境保护局政务微博,市,是,
绍兴-环保,认证：浙江省绍兴市环境保护局官方微博,市,是,
合肥环保,认证：安徽省合肥市环保局官方微博,市,是,
环保宿州,认证：安徽省宿州市环境保护局官方微博,市,是,
西湖环保,认证：浙江省杭州市环境保护局西湖环境保护分局官方微博,市,是,
台州市环境保护局,认证：浙江省台州市环境保护局官方微博,市,是,
无锡环保,认证：无锡市环境保护局官方微博,市,是,
铜陵环保,认证：安徽省铜陵市环保局官方微博,市,是,
芜湖市环境保护局,认证：安徽省芜湖市环境保护局官方微博,市,是,
淮南环保,认证：安徽省淮南市环境保护局官方微博,市,是,
马鞍山市环境保护局,认证：马鞍山市环境保护局官方微博,市,是,
蚌埠市环境保护局,认证：安徽省蚌埠市环境保护局官方微博,市,是,
黄山市环境保护局,认证：安徽省黄山市环境保护局官方微博,市,是,
宣城市环境保护局,认证：安徽省宣城市环境保护局官方微博,市,是,
池州市环境保护局,认证：安徽省池州市环境保护局官方微博,市,是,
常州环保局,认证：常州市环境保护局官方微博,市,是,
南京环保,认证：南京市环境保护局官方微博,市,是,
港城环保,认证：连云港市环保局官方微博,市,是,
福州环保,认证：福州市环保局官方微博,市,是,
阜阳环保,认证：安徽省阜阳市环境保护局官方微博,市,是,
武汉环保,认证：武汉市环境保护局官方微博,市,是,
济宁环境,认证：山东省济宁市环境保护局官方微博,市,是,
淄博环保,认证：淄博市环境保护局官方微博,市,是,
济南环保,认证：济南市环境保护局官方微博,市,是,
徐州环保,认证：徐州市环保局官方微博,市,是,
吉安市环境保护局,认证：江西省吉安市环保局官方微博,市,是,
青岛环保,认证：山东省青岛市环境保护局官方微博,市,是,
湖州环保,认证：湖州市环境保护局官方微博,市,是,
镇江环保局,认证：镇江市环境保护局官方微博,市,是,
扬州环保,认证：江苏省扬州市环境保护局官方微博,市,是,
盐城环保,认证：盐城市环保局官方微博,市,是,
淮安环保,认证：江苏省淮安市环境保护局官方微博,市,是,
宿迁-环保,认证：宿迁市环保局官方微博,市,是,
泰州环境保护局,认证：泰州市环境保护局官方微博,市,是,
南通环保微博,认证：南通市环境保护局官方微博,市,是,
邯郸市环境保护局,认证：邯郸市环境保护局官方微博,市,是,
保定市环保局微博,认证：河北省保定市环境保护局官方微博,市,是,
唐山市环境保护局,认证：河北省唐山市环保局官方微博,市,是,
乌海市环境保护局,认证：内蒙古乌海市环境保护局官方微博,市,是,
包头环保,认证：内蒙古包头市环境保护局官方微博,市,是,
沈阳环保,认证：沈阳市环保局官方微博,市,是,
抚顺市环保局,认证：抚顺市环境保护局官方微博,市,是,
鞍山环保,认证：鞍山市环保局官方微博,市,是,
环保营口,认证：辽宁省营口市环境保护局官方微博,市,是,
朝阳市环境保护局发布,认证：辽宁省朝阳市环境保护局官方微博,市,是,
长春市环境保护局,认证：吉林省长春市环境保护局官方微博,市,是,
吉林市环境保护局,认证：吉林市环境保护局官方微博,市,是,
秦皇岛环境保护局,认证：河北省秦皇岛市环境保护局官方微博,市,是,
乌鲁木齐市环保局,认证：新疆乌鲁木齐市环境保护局官方微博,市,是,
呼和浩特市环保,认证：内蒙古呼和浩特市环境保护局官方微博,市,是,
鄂尔多斯市环境保护局,认证：内蒙古鄂尔多斯市环境保护局官方微博,市,是,
珠海环保,认证：广东省珠海环境保护局官方微博,市,是,
郴州市环境保护局,认证：湖南省郴州市环境保护局官方微博,市,是,
佛山环保,认证：佛山市环境保护局官方微博,市,是,
银川环保,认证：银川市环境保护局官方微博,市,是,
哈密环保,认证：哈密市环境保护局官方微博,市,是,
茂名市环保局,认证：广东省茂名市环保局官方微博,市,是,
绿色肇庆,认证：肇庆市环境保护局官方微博,市,是,
生态惠州,认证：惠州市环境保护局官方微博,市,是,
湘潭市环境保护局,认证：湖南省湘潭市环境保护局官方微博,市,是,
中山环保,认证：中山市环境保护局官方微博,市,是,
哈尔滨环保,认证：哈尔滨市环保局官方微博,市,是,
岳阳市环境保护局,认证：湖南省岳阳市环境保护局官方微博,市,是,
广州环保,认证：广州市环境保护局官方微博,市,是,
江门环保,认证：广东省江门市环境保护局官方微博,市,是,
环保揭阳,认证：揭阳市环境保护局官方微博,市,是,
滨州环保,认证：滨州市环境保护局官方微博,市,是,
聊城环境,认证：聊城市环境保护局官方微博,市,是,
德州环境,认证：山东省德州市环境保护局官方微博,市,是,
临沂环境,认证：临沂市环境保护局官方微博,市,是,
绿色郑州,认证：郑州市环保局官方微博,市,是,
商洛环保,认证：陕西省商洛市环境保护局官方微博,市,是,
中卫市环保,认证：宁夏中卫市环境保护局官方微博,市,是,
烟台环境,认证：山东省烟台市环境保护局官方微博,市,是,
潍坊环保,认证：潍坊市环境保护局官方微博,市,是,
菏泽环境,认证：菏泽市环境保护局官方微博,市,是,
环保东营,认证：山东省东营市环境保护局官方微博,市,是,
昆明市环保局,认证：云南省昆明市环境保护局官方微博,市,是,
枣庄环保,认证：枣庄市环境保护局官方微博,市,是,
威海环境,认证：山东省威海市环境保护局官方微博,市,是,
西安环保,认证：陕西省西安市环保局官方微博,市,是,
渭南市环保,认证：陕西省渭南市环保局官方微博,市,是,
泰安环境,认证：泰安市环境保护局官方微博,市,是,
莱芜环境,认证：莱芜市环境保护局官方微博,市,是,
驻马店市环境保护局,认证：河南省驻马店市环境保护局官方微博,市,是,
绿色洛阳,认证：洛阳市环保局,市,是,
蓝天白云洛阳梦,认证：洛阳市创建国家环境保护模范城市指挥部办公室官方微博,市,是（子部门）,
铜仁环保,认证：贵州省铜仁市环保局官方微博,市,是,
大理环保,认证：大理白族自治州环境保护局官方微博,市,是,
绿色遵义,认证：贵州省遵义市环保局官方微博,市,是,
东港环境,认证：日照市环境保护局东港分局官方微博,市,是,
清风鹤壁环保,认证：河南省鹤壁市环境保护局官方微博,市,是,
北海市环境保护局,认证：北海市环境保护局官方微博,市,是,
环保海口,认证：海南省海口市生态环境保护局官方微博,市,是,
鄂州环保,认证：湖北省鄂州市环境保护局官方微博,市,是,
咸阳环保,认证：陕西省咸阳市环境保护局官方微博,市,是,
铜川环保,认证：陕西省铜川市环境保护局官方微博,市,是,
云南曲靖环保,认证：云南省曲靖市环保局官方微博,市,是,
汉中环保1,认证：汉中市环境保护局官方微博,市,是,
汉中市环保局团委,认证：共青团汉中市环境保护局委员会官方微博,市,是（子部门）,
成都环保,认证：成都市环保局官方微博,市,是,
生态黄石,认证：黄石市环境保护局官方微博,市,是,
榆林市环境保护局,认证：榆林市环境保护局官方微博,市,是,
襄阳环保,认证：襄阳市环境保护局,市,是,
咸宁市环境保护局,认证：湖北省咸宁市环境保护局官方微博,市,是,
延安市环境保护局,认证：陕西省延安市环境保护局官方微博,市,是,
丹东市环境保护局,认证：丹东市环境保护局官方微博,市,是,
舟山环保,认证：浙江省舟山市环境保护局官方微博,市,是,
瓷都环保,认证：江西省景德镇市环境保护局官方微博,市,是,
鹰潭环境保护局,认证：江西省鹰潭市环境保护局官方微博,市,是,
抚州市环境保护,认证：江西省抚州环境保护局官方微博,市,是,
衢州-环保,认证：浙江省衢州市环境保护局官方微博,市,是,
阿拉善环保,认证：内蒙古阿拉善盟环境保护局官方微博,市,是,
晋中环保,认证：山西省晋中市环境保护局官方微博,市,是,
株洲市环境保护局,认证：湖南省株洲市环境保护局官方微博,市,是,
娄底环境保护,认证：湖南省娄底市环境保护局官方微博,市,是,
大庆环境,认证：黑龙江省大庆市环境保护局官方微博,市,是,
清远环保,认证：清远市环境保护局官方微博,市,是,
梅州市环境保护局,认证：广东省梅州市环保局官方微博,市,是,
岚山环境,认证：日照市环境保护局岚山分局官方微博,市,是,
遂宁市环境保护局,认证：四川省遂宁市环境保护局官方微博,市,是,
莲城环保,认证：河南省许昌市环境保护局官方微博,市,是,
兰山环境,认证：山东省临沂市环境保护局兰山分局官方微博,市,是,
德阳_环保,认证：德阳市环境保护局官方微博,市,是,
抚顺金辉,认证：抚顺市环保局局长,市（官员）,是,
冰城人士,认证：哈尔滨市环保局机动车排气污染管理办公室管理科科长 闫庚涛,市（官员）,是（子部门）,
源波居士A,认证：常德市政府欧盟亚洲环境支持项目联络办公室 项目协调员,市（官员）,是（子部门）,
余姚市环保局12369,认证：余姚市环保局官方微博,县,是,
镇海环保,认证：宁波市镇海区环境保护局官方微博,县,是,
海宁环保,认证：浙江省海宁市环境保护局官方微博,县,是,
桐乡环保,认证：浙江桐乡市环保局官方微博,县,是,
全椒环境保护局,认证：安徽省全椒县环境保护局官方微博,县,是,
萧山环保,认证：浙江省杭州市萧山区环境保护局官方微博,县,是,
江阴环保,认证：江苏省江阴市环保局官方微博,县,是,
太湖县环境保护局V,认证：安徽省安庆市太湖县环境保护局官方微博,县,是,
东至环保,认证：安徽省东至县环境保护局官方微博,县,是,
巢湖环保,认证：安徽省巢湖市环境保护局官方微博,县,是,
北仑环保,认证：浙江省宁波市北仑区环境保护局官方微博,县,是,
秀洲环保,认证：浙江嘉兴市秀洲区环境保护局官方微博,县,是,
溧阳环保,认证：溧阳市环境保护局官方微博,县,是,
连云港经济技术开发区环保局,认证：连云港经济技术开发区环保局官方微博,县,是,
连云环保,认证：连云区环境保护局官方微博,县,是,
嘉善环保,认证：浙江省嘉善县环保局官方微博,县,是,
义乌环保,认证：浙江省义乌市环境保护局官方微博,县,是,
宁国市环境保护局,认证：安徽省宁国市环境保护局官方微博,县,是,
温岭环保,认证：浙江省温岭市环境保护局官方微博,县,是,
邳州环保,认证：江苏省邳州市环境保护局官方微博,县,是,
昆山市环境保护局,认证：昆山市环境保护局官方微博,县,是,
张家港环保,认证：张家港市环境保护局官方微博,县,是,
浦东环境,认证：上海市浦东新区环境保护与市容卫生管理局（水务局）,县,是,
光泽县环境保护局,认证：福建省南平市光泽县环保局官方微博,县,是,
美丽金太仓,认证：太仓市环保局官方微博,县,是,
建德环保,认证：浙江省建德市环境保护局官方微博,县,是,
绿色乐清,认证：乐清市环境保护局官方微博,县,是,
海宁经发区环保分局,认证：浙江省海宁市环境保护局经发区分局官方微博,县,是,
姜堰环保,认证：泰州市姜堰环境保护局官方微博,县,是,
海门环保,认证：江苏省海门市环境保护局官方微博,县,是,
达茂旗环境保护局,认证：内蒙古包头市达茂旗环保局官方微博,县,是,
辛集环保,认证：河北省辛集市环境保护局官方微博,县,是,
姑苏环保宣教,认证：江苏省苏州市姑苏区环保局宣传教育官方微博,县,是,
丹阳环保局,认证：江苏省丹阳市环境保护局官方微博,县,是,
嘉定环保在线,认证：上海市嘉定区环保局官方微博,县,是,
闵行环境,认证：上海市闵行区环境保护局官方微博,县,是,
唐山市环境保护局路北区分局,认证：河北省唐山市环境保护局路北区分局官方微博,县,是,
苏仙环保2015,认证：湖南省郴州市环境保护局苏仙分局官方微博,县,是,
东莞环保办,认证：山东省东莞镇环境保护办公室官方微博,县,是,
开平市环境保护局,认证：广东省开平市环境保护局官方微博,县,是,
巴里坤环保,认证：新疆哈密地区巴里坤县环保局官方微博,县,是,
顺德环运城管,认证：佛山市顺德区环境运输和城市管理局官方微博,县,是,
雨湖环保,认证：湘潭市雨湖区环保局官方微博，作为公益宣传,县,是,
临武环保2015,认证：湖南省郴州市临武县环境保护局官方微博,县,是,
鼎城环保,常德鼎城环保局,县,是,
广州南沙环保,认证：广州市南沙区环境保护局官方微博,县,是,
四会环保发布,认证：广东省四会市环境保护局官方微博,县,是,
台山环保,认证：广东省台山市环保局官方微博,县,是,
江海国规环-五邑家园,认证：广东省江门市江海区国土规划环保局官方微博,县,是,
广州增城环保,认证：广州增城环保局官方微博,县,是,
宝安环保水务,认证：深圳市宝安区环境保护和水务局官方微博,县,是,
邹平环保,认证：山东省滨州市邹平县环境保护局官方微博,县,是,
茌平环境,认证：山东省聊城市茌平县环境保护局官方微博.,县,是,
大渡口环保,认证：重庆市大渡口区环保局,县,是,
海阳环境,认证：山东省海阳市环境保护局官方微博,县,是,
安丘环保,认证：安丘市环境保护局官方微博,县,是,
寿光环境,认证：寿光市环境保护局官方微博,县,是,
莱州环境,认证：山东省莱州市环境保护局官方微博,县,是,
平度环保,认证：平度市环境保护局官方微博,县,是,
济阳环保,认证：山东省济南市济阳县环境保护局官方微博,县,是,
商河环保,认证：山东省济南市商河县环境保护局官方微博,县,是,
市中环保,认证：济南市市中区环境保护局官方微博,县,是,
淄博高新区环保局,认证：山东省淄博高新技术产业开发区环境保护局官方微博,县,是,
槐荫环保,认证：山东省济南市槐荫区环境保护局官方微博,县,是,
莱西环保,认证：山东省莱西市环境保护局官方微博,县,是,
李沧环保,认证：青岛市环境保护局李沧分局官方微博,县,是,
青岛西海岸新区环保,认证：青岛经济技术开发区（黄岛区）环保分局官方微博,县,是,
黄岛环保,认证：青岛市环境保护局黄岛分局官方微博,县,是,
市北环保,认证：山东省青岛市环境保护局市北分局官方微博,县,是,
平阴环保,认证：山东省济南市平阴县环境保护局官方微博,县,是,
桓台环保,认证：山东省淄博市桓台县环境保护局官方微博,县,是,
滕州环保,认证：山东省滕州市环境保护局官方微博,县,是,
枣庄市中环保,认证：山东省枣庄市市中区环保局官方微博,县,是,
广饶环保,认证：山东省东营市广饶县环境保护局官方政务微博,县,是,
诸城环境,认证：诸城市环境保护局官方微博,县,是,
潍坊高新区环保分局,认证：潍坊市环境保护局高新技术产业开发区分局官方微博,县,是,
兖州环境,认证：兖州市环境保护局官方微博,县,是,
泗水环境,认证：山东省济宁市泗水县环境保护局官方微博,县,是,
莒县环保,认证：莒县环境保护局官方微博,县,是,
临渭区环境保护局,认证：陕西省渭南市临渭区环保局官方微博,县,是,
肥城环境,认证：肥城市环境保护局官方微博,县,是,
文登环境,认证：山东省文登市环境保护局官方微博,县,是,
环翠环境,认证：山东省威海市环保局环翠分局官方微博,县,是,
临沭环保,认证：山东省临沭县环境保护局官方微博,县,是,
郯城环境,认证：山东省临沂市郯城县环境保护局官方微博,县,是,
罗庄环境,认证：山东省临沂市环境保护局罗庄分局官方微博,县,是,
环境新安,认证：洛阳市新安县环境保护局官方微博,县,是,
德州平原环保,认证：山东省平原县环境保护局官方微博,县,是,
沂南环境,认证：山东省临沂市沂南县环境保护局官方微博,县,是,
平邑环境,认证：山东省临沂市平邑县环境保护局官方微博,县,是,
温江环保,认证：成都市温江区环境保护局官方微博,县,是,
准格尔旗环境保护局,认证：内蒙古鄂尔多斯市准格尔旗环境保护局官方微博,县,是,
龙口环境,认证：山东省龙口市环境保护局官方微博,县,是,
济宁市任城区环境保护局,认证：山东省济宁市任城区环境保护局官方微博,县,是,
宜都环保,认证：湖北省宜都市环境保护局官方微博,县,是,
新洲环保,认证：湖北省武汉市新洲区环保局 官方微博,县,是,
广安市环保局经开区分局,认证：四川省广安市环境保护局经济技术开发区分局官方微博,县,是,
永宁环保,认证：银川市永宁县环保局官方微博,县,是,
兰陵环境,认证：山东省临沂市兰陵县环境保护局官方微博,县,是,
崂山环保,认证：青岛市环境保护局崂山分局官方微博,县,是,
莱阳环境,认证：山东省莱阳市环境保护局官方微博,县,是,
金华市环保局婺城分局,认证：浙江省金华市环境保护局婺城分局官方微博,县,是,
清风沁阳环保,认证：河南省沁阳市环保局官方微博,县,是,
威海临港区环境,认证：山东省威海市环境保护局工业新区分局官方微博,县,是,
威海高区环保,认证：山东省威海市环境保护局高技术产业开发区分局官方微博,县,是,
济宁市环保局太白湖新区分局,认证：济宁市环保局太白湖新区分局官方微博,县,是,
樟树市环境保护局,认证：江西省樟树市环境保护局官方微博,县,是,
富阳环保,认证：浙江省富阳市环境保护局官方微博,县,是,
江宁环保,认证：江苏省南京市江宁区环境保护局官方微博,县,是,
溧水环保,认证：江苏省南京市溧水区环境保护局官方微博,县,是,
德清环保,认证：浙江省湖州市德清县环境保护局官方微博,县,是,
包河环保,认证：合肥市包河区环保局官方微博,县,是,
章丘环保,认证：山东省章丘市环境保护局官方微博,县,是,
台州市环保局集聚区分局,认证：浙江省台州市环境保护局集聚区分局官方微博,县,是,
余杭环保,认证：浙江省杭州市余杭区环境保护局官方微博,县,是,
慈溪环境保护,认证：浙江省慈溪市环境保护局官方微博,县,是,
仪征环保,认证：江苏省仪征市环保局官方微博,县,是,
沈阳经济技术开发区环保,认证：辽宁省沈阳市经济技术开发区环保分局官方微博,县,是,
绿色-通州,认证：江苏省南通市通州区环境保护局官方微博,县,是,
泰州市高港区环境保护局,认证：江苏省泰州市高港区环境保护局官方微博,县,是,
广州市白云区环境保护局,认证：广州市白云区环境保护局官方微博,县,是,
临邑环境,认证：山东省临邑县环境保护局官方微博,县,是,
巨野县环境保护局,认证：山东省菏泽市巨野县环境保护局官方微博,县,是,
张店环境保护,认证：山东省淄博市环境保护局张店分局官方微博,县,是,
周村环保,认证：山东省淄博市环境保护局周村分局官方微博,县,是,
文昌湖环保,认证：淄博市文昌湖旅游度假区管理委员会生态和环境保护局官方微博,县,是,
淄川环保官博,认证：山东省淄博市环境保护局淄川分局官方微博,县,是,
城阳环保,认证：青岛市环境保护局城阳分局官方微博,县,是,
临淄环保,认证：山东省淄博市环境保护临淄分局官方微博,县,是,
峄城环保政务,认证：山东省枣庄市峄城区环境保护局官方微博,县,是,
薛城环保政务,认证：山东省枣庄市薛城区环境保护局官方微博,县,是,
五莲环境,认证：五莲县环境保护局官方微博,县,是,
日照开发区环保,认证：日照市环境保护局日照经济技术开发区分局官方微博,县,是,
荣成环境,认证：山东省荣成市环境保护局官方微博,县,是,
锦江环保,认证：四川省成都市锦江区环境保护局官方微博,县,是,
宁阳环境,认证：山东省泰安市宁阳县环境保护局官方微博,县,是,
费县环境,认证：山东省临沂市费县环境保护局官方微博,县,是,
微山环境,认证：山东省济宁市微山县环境保护局官方微博,县,是,
延川环保,认证：陕西省延安市延川县环保局官方微博,县,是,
清风许昌县环保,"“清风县环保”系许昌县环境保护局官方政务微博,欢迎大家通过…",县,是,
武功环保,认证：陕西省咸阳市武功县环境保护局,县,是,
东阿环境,认证：山东省东阿县环境保护局官方微博,县,是,
兰州市城关区环境保护局,认证：兰州市城关区环境保护局,县,是,
聊城莘县环境,认证：山东省聊城市莘县环境保护局官方微博,县,是,
彭州环保,认证：彭州市环境保护局官方微博,县,是,
河东环境,认证：山东省临沂市环境保护局河东分局官方微博,县,是,
乐陵环境,认证：山东省乐陵市环境保护局官方微博,县,是,
登封环保,认证：登封市环保局官方微博,县,是,
台儿庄环保,认证：山东省枣庄市台儿庄区环境保护局官方微博,县,是,
山海天环境,认证：日照市环境保护局山海天环保办公室官方微博,县（旅游度假区）,是,